Workbook

Sheet README
A1: Libya Water–Energy Nexus Model (2020–2050)
A3: Purpose
A4: A simple annual-timestep model that translates population, GDP and a 100-million-tree afforestation programme into sector water demand, allocates demand across three supplies (local groundwater, pipeline transfers from southern fossil aquifers via the Great Man-Made River, and seawater desalination), and computes the associated electricity demand.
A6: Country context
A7: Libya is one of the most water-stressed countries in the world. Agriculture accounts for ~83% of withdrawals, municipal ~12%, industrial ~5% (FAO AQUASTAT via UNICEF 2022). Total renewable water resources are ~105 m³/cap/yr; >90% of supply comes from non-renewable fossil groundwater. The Great Man-Made River (GMMR) conveys water ~1,000–2,000 km from the Nubian Sandstone Aquifer in the south to coastal demand centres. It is modelled here under "pipeline imports" and is assumed to DECLINE over the model horizon — reflecting aquifer drawdown (estimated depletion within ~60 yr per Lonergan / Columbia State of the Planet 2011), infrastructure damage (by 2019, 101 of 479 western wells dismantled, MEI 2024) and stalled Phase III/IV works.
A9: Model logic
A10: 1. Population: linear interpolation between UN WPP 2024 medium-variant 2020 (6.735M) and 2050 (9.261M).
A11: 2. GDP per capita: user-specified CAGR (default 2.5%/yr).
A12: 3. Sector demand:
A13: • Domestic = L/cap/day × Population × 365 (with efficiency trend)
A14: • Industrial = (m³ / $1000 GDP) × Total GDP (with efficiency trend)
A15: • Agricultural = L/cap/day × Population × 365 (with efficiency trend)
... A70: UPDATE v3: allocation logic made more user-editable through new Inputs rows for recycled-water split and source-priority shares by sector.

Sheet Inputs
A1: Libya Water-Energy Model — Inputs & Assumptions
A3: Parameter | B3: Value | C3: Units | D3: Source / Note
A5: DEMOGRAPHICS & ECONOMY
A6: Population 2020 | B6: 6735277 | C6: persons | D6: UN WPP 2024 medium variant | E6: *
A7: Population 2050 | B7: 10506952 | C7: persons | D7: Matched to SISEPUEDE | E7: *
A8: GDP per capita 2020 | B8: 6357 | C8: USD (current) | D8: World Bank WDI 2020 (volatile) | E8: *
A9: GDP per capita CAGR | B9: 0.028 | C9: per year | D9: Matched to SISEPUEDE | E9: *
A11: WATER DEMAND INTENSITIES
A12: Domestic water use 2020 | B12: 415 | C12: L/cap/day | D12: UNICEF 2022 citing Libya VNR 2020
A13: Domestic efficiency trend | B13: -0.005 | C13: per year | D13: Assumption: leak reduction, metering
A14: Industrial water intensity 2020 | B14: 5.8 | C14: m³ per $1000 GDP | D14: Derived: AQUASTAT industrial share ÷ WB GDP 2020
A15: Industrial efficiency trend | B15: -0.01 | C15: per year | D15: Assumption: process efficiency
A16: Agricultural water use 2020 | B16: =1990*0.75 -> 1492.5 | C16: L/cap/day | D16: UNICEF 2022 citing AQUASTAT (~83% of total)
A17: Agricultural efficiency trend | B17: -0.008 | C17: per year | D17: Assumption: irrigation modernization
A19: SUPPLY CAPACITY & TRENDS
A20: Local groundwater yield 2020 | B20: 3500 | C20: M m³/yr | D20: Residual estimate: total use ~5.5 Gm³ − GMMR − desal
A21: Groundwater decline rate | B21: -0.015 | C21: per year | D21: Overdraft & coastal salinization
A22: GMMR pipeline delivery 2020 | B22: 912 | C22: M m³/yr | D22: 2.5 Mm³/day × 365 (MEI 2024) | E22: Great Man Made River
A23: GMMR decline rate | B23: -0.02 | C23: per year | D23: Aquifer depletion (Lonergan ~60 yr) + infra decay
A25: ENERGY INTENSITIES
A26: EI local groundwater 2020 | B26: =0.7*0.5 -> 0.35 | C26: kWh/m³ | D26: USGS/Denver 1.2-1.8 deep; 0.7 shallow/coastal We assumed that the majoriry of private-farm groundwater runs on diesel gensets and is not billed through the grid, given that FAO/World Bank water-sector assessments for the countrt, we can assume that private-farm pumping is largely unmetered and off-grid (approx 50%). Thus the energy intensity of this is scaled to what it is actually being demanded by the electricity grid.
A27: EI groundwater rise rate | B27: 0.015 | C27: per year | D27: Water-table drawdown raises lift
A28: EI pipeline (GMMR) 2020 | B28: 1.8 | C28: kWh/m³ | D28: Deep-well (500 m) + long conveyance; lit. 1.5-2.0
A29: EI pipeline rise rate | B29: 0.01 | C29: per year | D29: Rising lift as Nubian aquifer draws down
A30: EI desalination 2020 | B30: 3.5 | C30: kWh/m³ | D30: SWRO with ERDs (IRENA; ScienceDirect)
A31: EI desalination 2050 | B31: 3 | C31: kWh/m³ | D31: Efficiency gains toward 2.8 state-of-art
A33: 100-MILLION TREE AFFORESTATION PROGRAMME
A34: Programme start year | B34: 2026 | C34: year | D34: Assumption — edit to shift timeline
A35: Planting ramp (years) | B35: 10 | C35: years | D35: Linear planting of target over this period
A36: Target trees | B36: 100000000 | C36: trees | D36: Programme ambition (100 million)
A37: Water per tree | B37: 15 | C37: L/tree/day | D37: Drip-irrigated drought-tolerant; Becker et al. 2022; USU ext. ~41 L/d for mature arid shade tree
A39: RECYCLED WATER & ALLOCATION
A40: Parameter | B40: Value | C40: Units | D40: Source / Note
A41: Urban wastewater recovery share 2020 | B41: 0.15 | C41: share of urban water demand met | D41: Assumption: recoverable municipal wastewater
A42: Urban wastewater recovery share 2050 | B42: 0.35 | C42: share of urban water demand met | D42: Assumption: better sewerage, treatment, and reuse
A43: Recycled water split to trees 2020 | B43: 0.5 | C43: share of recycled water | D43: Allocation priority from recycled water
A44: Recycled water split to trees 2050 | B44: 0.3 | C44: share of recycled water | D44: Less tree priority over time as ag reuse scales
A45: EI recycled water 2020 | B45: 0.8 | C45: kWh/m³ | D45: Assumption: treatment + pumping for non-potable reuse
A46: EI recycled water 2050 | B46: 0.65 | C46: kWh/m³ | D46: Efficiency improvement assumption
A48: EDITABLE ALLOCATION SHARES
A49: Parameter | B49: Value | C49: Units | D49: Source / Note
A50: Recycled water split to trees 2020 | B50: 0.5 | C50: share of recycled water | D50: Editable share; remainder goes to agriculture
A51: Recycled water split to trees 2050 | B51: 0.3 | C51: share of recycled water | D51: Editable share; remainder goes to agriculture
A52: Urban priority GW share | B52: 1 | C52: share of urban demand | D52: Default strict priority
A53: Urban priority GMMR share | B53: 1 | C53: share of urban residual | D53: Default strict priority
A54: Industrial priority GW share | B54: 1 | C54: share of industrial demand | D54: Default strict priority
A55: Industrial priority GMMR share | B55: 1 | C55: share of industrial residual | D55: Default strict priority
A56: Agriculture priority GW share | B56: 1 | C56: share of ag residual demand | D56: Default strict priority
A57: Agriculture priority GMMR share | B57: 1 | C57: share of ag residual after GW | D57: Default strict priority
A59: ADJUSTMENT FACTORS (v2 — technical review)
A60: Groundwater grid-electrified share | B60: 0.53 | C60: share (0-1) | D60: FAO/WB: ~47% private-farm pumping unmetered/off-grid (diesel). 0.53 is metered share
A61: Thermal desal fleet share 2020 | B61: 0.95 | C61: share | D61: README: Libya legacy fleet ~95% thermal (MSF/MED); Fadiel et al. 2025
A62: Thermal desal fleet share 2050 | B62: 0.1 | C62: share | D62: Assumption: new SWRO turnover dominates by 2050
A63: EI thermal desal (electric-equiv) | B63: 15 | C63: kWh-eq/m³ | D63: Midpoint of 15-25 kWh-eq/m³ literature range for MSF/MED
A64: GWh → PJ conversion factor | B64: 0.0036 | C64: PJ/GWh | D64: 3600 × 1e-6 = 3.6e-3. Used in Energy rows 17, 19-21, 32
A65: Libya total electricity generation (ref) | B65: 35000 | C65: GWh/yr | D65: IEA/OEC ~35 TWh (2021). Reference for Energy cross-check

Sheet Demand
A1: Water Demand Projections — Libya (2020–2050)
A3: Metric | B3: Units | C3: Notes | D3: 2020 | E3: 2021 | F3: 2022 | G3: 2023 | H3: 2024 | I3: 2025 | J3: 2026 | K3: 2027 | L3: 2028 | M3: 2029 | N3: 2030 | O3: 2031 | P3: 2032 | Q3: 2033 | R3: 2034 | S3: 2035 | T3: 2036 | U3: 2037 | V3: 2038 | W3: 2039 | X3: 2040 | Y3: 2041 | Z3: 2042 | AA3: 2043 | AB3: 2044 | AC3: 2045 | AD3: 2046 | AE3: 2047 | AF3: 2048 | AG3: 2049 | AH3: 2050
A5: Population | B5: persons | C5: Linear interp UN WPP 2024 (2020 ↔ 2050) | D5: =Inputs!$B$6+(Inputs!$B$7-Inputs!$B$6)*(D$3-2020)/30 -> 6735277 | E5: =Inputs!$B$6+(Inputs!$B$7-Inputs!$B$6)*(E$3-2020)/30 -> 6860999.5 | F5: =Inputs!$B$6+(Inputs!$B$7-Inputs!$B$6)*(F$3-2020)/30 -> 6986722 | G5: =Inputs!$B$6+(Inputs!$B$7-Inputs!$B$6)*(G$3-2020)/30 -> 7112444.5 | H5: =Inputs!$B$6+(Inputs!$B$7-Inputs!$B$6)*(H$3-2020)/30 -> 7238167 | I5: =Inputs!$B$6+(Inputs!$B$7-Inputs!$B$6)*(I$3-2020)/30 -> 7363889.5 | J5: =Inputs!$B$6+(Inputs!$B$7-Inputs!$B$6)*(J$3-2020)/30 -> 7489612 | K5: =Inputs!$B$6+(Inputs!$B$7-Inputs!$B$6)*(K$3-2020)/30 -> 7615334.5 | ... AH5: =Inputs!$B$6+(Inputs!$B$7-Inputs!$B$6)*(AH$3-2020)/30 -> 10506952
A6: GDP per capita | B6: USD | C6: GDP_pc_2020 × (1+CAGR)^(year-2020) | D6: =Inputs!$B$8*(1+Inputs!$B$9)^(D$3-2020) -> 6357 | E6: =Inputs!$B$8*(1+Inputs!$B$9)^(E$3-2020) -> 6534.996 | F6: =Inputs!$B$8*(1+Inputs!$B$9)^(F$3-2020) -> 6717.9759 | G6: =Inputs!$B$8*(1+Inputs!$B$9)^(G$3-2020) -> 6906.0792 | H6: =Inputs!$B$8*(1+Inputs!$B$9)^(H$3-2020) -> 7099.4494 | I6: =Inputs!$B$8*(1+Inputs!$B$9)^(I$3-2020) -> 7298.234 | J6: =Inputs!$B$8*(1+Inputs!$B$9)^(J$3-2020) -> 7502.5846 | K6: =Inputs!$B$8*(1+Inputs!$B$9)^(K$3-2020) -> 7712.6569 | ... AH6: =Inputs!$B$8*(1+Inputs!$B$9)^(AH$3-2020) -> 14556.121
A7: Total GDP | B7: M USD | C7: Population × GDP per capita / 1e6 | D7: =D5*D6/1000000 -> 42816.156 | E7: =E5*E6/1000000 -> 44836.604 | F7: =F5*F6/1000000 -> 46936.63 | G7: =G5*G6/1000000 -> 49119.105 | H7: =H5*H6/1000000 -> 51387.001 | I7: =I5*I6/1000000 -> 53743.389 | J7: =J5*J6/1000000 -> 56191.447 | K7: =K5*K6/1000000 -> 58734.462 | ... AH7: =AH5*AH6/1000000 -> 152940.46
A9: Domestic intensity | B9: L/cap/day | C9: Base × (1+eff)^(year-2020) | D9: =Inputs!$B$12*(1+Inputs!$B$13)^(D$3-2020) -> 415 | E9: =Inputs!$B$12*(1+Inputs!$B$13)^(E$3-2020) -> 412.925 | F9: =Inputs!$B$12*(1+Inputs!$B$13)^(F$3-2020) -> 410.86038 | G9: =Inputs!$B$12*(1+Inputs!$B$13)^(G$3-2020) -> 408.80607 | H9: =Inputs!$B$12*(1+Inputs!$B$13)^(H$3-2020) -> 406.76204 | I9: =Inputs!$B$12*(1+Inputs!$B$13)^(I$3-2020) -> 404.72823 | J9: =Inputs!$B$12*(1+Inputs!$B$13)^(J$3-2020) -> 402.70459 | K9: =Inputs!$B$12*(1+Inputs!$B$13)^(K$3-2020) -> 400.69107 | ... AH9: =Inputs!$B$12*(1+Inputs!$B$13)^(AH$3-2020) -> 357.05944
A10: Industrial intensity | B10: m³/$1000 GDP | C10: Base × (1+eff)^(year-2020) | D10: =Inputs!$B$14*(1+Inputs!$B$15)^(D$3-2020) -> 5.8 | E10: =Inputs!$B$14*(1+Inputs!$B$15)^(E$3-2020) -> 5.742 | F10: =Inputs!$B$14*(1+Inputs!$B$15)^(F$3-2020) -> 5.68458 | G10: =Inputs!$B$14*(1+Inputs!$B$15)^(G$3-2020) -> 5.6277342 | H10: =Inputs!$B$14*(1+Inputs!$B$15)^(H$3-2020) -> 5.5714569 | I10: =Inputs!$B$14*(1+Inputs!$B$15)^(I$3-2020) -> 5.5157423 | J10: =Inputs!$B$14*(1+Inputs!$B$15)^(J$3-2020) -> 5.4605849 | K10: =Inputs!$B$14*(1+Inputs!$B$15)^(K$3-2020) -> 5.405979 | ... AH10: =Inputs!$B$14*(1+Inputs!$B$15)^(AH$3-2020) -> 4.2902622
A11: Agricultural intensity | B11: L/cap/day | C11: Base × (1+eff)^(year-2020) | D11: =Inputs!$B$16*(1+Inputs!$B$17)^(D$3-2020) -> 1492.5 | E11: =Inputs!$B$16*(1+Inputs!$B$17)^(E$3-2020) -> 1480.56 | F11: =Inputs!$B$16*(1+Inputs!$B$17)^(F$3-2020) -> 1468.7155 | G11: =Inputs!$B$16*(1+Inputs!$B$17)^(G$3-2020) -> 1456.9658 | H11: =Inputs!$B$16*(1+Inputs!$B$17)^(H$3-2020) -> 1445.3101 | I11: =Inputs!$B$16*(1+Inputs!$B$17)^(I$3-2020) -> 1433.7476 | J11: =Inputs!$B$16*(1+Inputs!$B$17)^(J$3-2020) -> 1422.2776 | K11: =Inputs!$B$16*(1+Inputs!$B$17)^(K$3-2020) -> 1410.8994 | ... AH11: =Inputs!$B$16*(1+Inputs!$B$17)^(AH$3-2020) -> 1172.9095
A13: Domestic demand | B13: M m³/yr | C13: Pop × lpcd × 365 / 1e9 | D13: =D5*D9*365/1000000000 -> 1020.2261 | E13: =E5*E9*365/1000000000 -> 1034.0735 | F13: =F5*F9*365/1000000000 -> 1047.757 | G13: =G5*G9*365/1000000000 -> 1061.2778 | H13: =H5*H9*365/1000000000 -> 1074.6372 | I13: =I5*I9*365/1000000000 -> 1087.8365 | J13: =J5*J9*365/1000000000 -> 1100.8769 | K13: =K5*K9*365/1000000000 -> 1113.7597 | ... AH13: =AH5*AH9*365/1000000000 -> 1369.3363
A14: Industrial demand | B14: M m³/yr | C14: GDP(M USD) × (m³/$1000) / 1000 | D14: =D7*D10/1000 -> 248.3337 | E14: =E7*E10/1000 -> 257.45178 | F14: =F7*F10/1000 -> 266.81503 | G14: =G7*G10/1000 -> 276.42927 | H14: =H7*H10/1000 -> 286.30046 | I14: =I7*I10/1000 -> 296.43468 | J14: =J7*J10/1000 -> 306.83817 | K14: =K7*K10/1000 -> 317.51727 | ... AH14: =AH7*AH10/1000 -> 656.15468
A15: Agricultural demand | B15: M m³/yr | C15: Pop × lpcd × 365 / 1e9 | D15: =D5*D11*365/1000000000 -> 3669.1263 | E15: =E5*E11*365/1000000000 -> 3707.7143 | F15: =F5*F11*365/1000000000 -> 3745.4501 | G15: =G5*G11*365/1000000000 -> 3782.3448 | H15: =H5*H11*365/1000000000 -> 3818.4094 | I15: =I5*I11*365/1000000000 -> 3853.655 | J15: =J5*J11*365/1000000000 -> 3888.0922 | K15: =K5*K11*365/1000000000 -> 3921.7318 | ... AH15: =AH5*AH11*365/1000000000 -> 4498.1519
A16: Active trees (100 M program) | B16: trees | C16: MIN(target, MAX(0, target×(year−start)/ramp)) | D16: =Inputs!$B$36*MIN(1,MAX(0,(D$3-Inputs!$B$34)/Inputs!$B$35)) -> 0 | E16: =Inputs!$B$36*MIN(1,MAX(0,(E$3-Inputs!$B$34)/Inputs!$B$35)) -> 0 | F16: =Inputs!$B$36*MIN(1,MAX(0,(F$3-Inputs!$B$34)/Inputs!$B$35)) -> 0 | G16: =Inputs!$B$36*MIN(1,MAX(0,(G$3-Inputs!$B$34)/Inputs!$B$35)) -> 0 | H16: =Inputs!$B$36*MIN(1,MAX(0,(H$3-Inputs!$B$34)/Inputs!$B$35)) -> 0 | I16: =Inputs!$B$36*MIN(1,MAX(0,(I$3-Inputs!$B$34)/Inputs!$B$35)) -> 0 | J16: =Inputs!$B$36*MIN(1,MAX(0,(J$3-Inputs!$B$34)/Inputs!$B$35)) -> 0 | K16: =Inputs!$B$36*MIN(1,MAX(0,(K$3-Inputs!$B$34)/Inputs!$B$35)) -> 10000000 | ... AH16: =Inputs!$B$36*MIN(1,MAX(0,(AH$3-Inputs!$B$34)/Inputs!$B$35)) -> 100000000
A17: Tree programme demand | B17: M m³/yr | C17: Active trees × L/tree/day × 365 / 1e9 | D17: =D16*Inputs!$B$37*365/1000000000 -> 0 | E17: =E16*Inputs!$B$37*365/1000000000 -> 0 | F17: =F16*Inputs!$B$37*365/1000000000 -> 0 | G17: =G16*Inputs!$B$37*365/1000000000 -> 0 | H17: =H16*Inputs!$B$37*365/1000000000 -> 0 | I17: =I16*Inputs!$B$37*365/1000000000 -> 0 | J17: =J16*Inputs!$B$37*365/1000000000 -> 0 | K17: =K16*Inputs!$B$37*365/1000000000 -> 54.75 | ... AH17: =AH16*Inputs!$B$37*365/1000000000 -> 547.5
A19: TOTAL water demand | B19: M m³/yr | C19: Sum of sectors + tree program | D19: =D13+D14+D15+D17 -> 4937.6861 | E19: =E13+E14+E15+E17 -> 4999.2396 | F19: =F13+F14+F15+F17 -> 5060.0221 | G19: =G13+G14+G15+G17 -> 5120.0519 | H19: =H13+H14+H15+H17 -> 5179.3471 | I19: =I13+I14+I15+I17 -> 5237.9262 | J19: =J13+J14+J15+J17 -> 5295.8073 | K19: =K13+K14+K15+K17 -> 5407.7588 | ... AH19: =AH13+AH14+AH15+AH17 -> 7071.1429

Sheet Supply
A1: Water Supply Allocation — Libya (2020–2050)
A3: Metric | B3: Units | C3: Notes | D3: 2020 | E3: 2021 | F3: 2022 | G3: 2023 | H3: 2024 | I3: 2025 | J3: 2026 | K3: 2027 | L3: 2028 | M3: 2029 | N3: 2030 | O3: 2031 | P3: 2032 | Q3: 2033 | R3: 2034 | S3: 2035 | T3: 2036 | U3: 2037 | V3: 2038 | W3: 2039 | X3: 2040 | Y3: 2041 | Z3: 2042 | AA3: 2043 | AB3: 2044 | AC3: 2045 | AD3: 2046 | AE3: 2047 | AF3: 2048 | AG3: 2049 | AH3: 2050
A5: Total water demand | B5: M m³/yr | C5: link ← Demand row 19 | D5: =Demand!D19 -> 4937.6861 | E5: =Demand!E19 -> 4999.2396 | F5: =Demand!F19 -> 5060.0221 | G5: =Demand!G19 -> 5120.0519 | H5: =Demand!H19 -> 5179.3471 | I5: =Demand!I19 -> 5237.9262 | J5: =Demand!J19 -> 5295.8073 | K5: =Demand!K19 -> 5407.7588 | ... AH5: =Demand!AH19 -> 7071.1429
A6: Of which tree programme | B6: M m³/yr | C6: link ← Demand row 17 | D6: =Demand!D17 -> 0 | E6: =Demand!E17 -> 0 | F6: =Demand!F17 -> 0 | G6: =Demand!G17 -> 0 | H6: =Demand!H17 -> 0 | I6: =Demand!I17 -> 0 | J6: =Demand!J17 -> 0 | K6: =Demand!K17 -> 54.75 | ... AH6: =Demand!AH17 -> 547.5
A8: Local groundwater available | B8: M m³/yr | C8: GW_2020 × (1+decline)^(year-2020) | D8: =Inputs!$B$20*(1+Inputs!$B$21)^(D$3-2020) -> 3500 | E8: =Inputs!$B$20*(1+Inputs!$B$21)^(E$3-2020) -> 3447.5 | F8: =Inputs!$B$20*(1+Inputs!$B$21)^(F$3-2020) -> 3395.7875 | G8: =Inputs!$B$20*(1+Inputs!$B$21)^(G$3-2020) -> 3344.8507 | H8: =Inputs!$B$20*(1+Inputs!$B$21)^(H$3-2020) -> 3294.6779 | I8: =Inputs!$B$20*(1+Inputs!$B$21)^(I$3-2020) -> 3245.2578 | J8: =Inputs!$B$20*(1+Inputs!$B$21)^(J$3-2020) -> 3196.5789 | K8: =Inputs!$B$20*(1+Inputs!$B$21)^(K$3-2020) -> 3148.6302 | ... AH8: =Inputs!$B$20*(1+Inputs!$B$21)^(AH$3-2020) -> 2224.1033
A9: Pipeline (GMMR) available | B9: M m³/yr | C9: GMMR_2020 × (1+decline)^(year-2020) | D9: =Inputs!$B$22*(1+Inputs!$B$23)^(D$3-2020) -> 912 | E9: =Inputs!$B$22*(1+Inputs!$B$23)^(E$3-2020) -> 893.76 | F9: =Inputs!$B$22*(1+Inputs!$B$23)^(F$3-2020) -> 875.8848 | G9: =Inputs!$B$22*(1+Inputs!$B$23)^(G$3-2020) -> 858.3671 | H9: =Inputs!$B$22*(1+Inputs!$B$23)^(H$3-2020) -> 841.19976 | I9: =Inputs!$B$22*(1+Inputs!$B$23)^(I$3-2020) -> 824.37577 | J9: =Inputs!$B$22*(1+Inputs!$B$23)^(J$3-2020) -> 807.88825 | K9: =Inputs!$B$22*(1+Inputs!$B$23)^(K$3-2020) -> 791.73049 | ... AH9: =Inputs!$B$22*(1+Inputs!$B$23)^(AH$3-2020) -> 497.4817
A10: Groundwater + Pipeline | B10: M m³/yr | C10: GW + GMMR | D10: =D8+D9 -> 4412 | E10: =E8+E9 -> 4341.26 | F10: =F8+F9 -> 4271.6723 | G10: =G8+G9 -> 4203.2178 | H10: =H8+H9 -> 4135.8777 | I10: =I8+I9 -> 4069.6335 | J10: =J8+J9 -> 4004.4671 | K10: =K8+K9 -> 3940.3607 | ... AH10: =AH8+AH9 -> 2721.585
A12: Domestic demand | B12: M m³/yr | C12: link ← Demand domestic | D12: =Demand!D13 -> 1020.2261 | E12: =Demand!E13 -> 1034.0735 | F12: =Demand!F13 -> 1047.757 | G12: =Demand!G13 -> 1061.2778 | H12: =Demand!H13 -> 1074.6372 | I12: =Demand!I13 -> 1087.8365 | J12: =Demand!J13 -> 1100.8769 | K12: =Demand!K13 -> 1113.7597 | ... AH12: =Demand!AH13 -> 1369.3363
A13: Industrial demand | B13: M m³/yr | C13: link ← Demand industrial | D13: =Demand!D14 -> 248.3337 | E13: =Demand!E14 -> 257.45178 | F13: =Demand!F14 -> 266.81503 | G13: =Demand!G14 -> 276.42927 | H13: =Demand!H14 -> 286.30046 | I13: =Demand!I14 -> 296.43468 | J13: =Demand!J14 -> 306.83817 | K13: =Demand!K14 -> 317.51727 | ... AH13: =Demand!AH14 -> 656.15468
A14: Agricultural demand | B14: M m³/yr | C14: link ← Demand agriculture | D14: =Demand!D15 -> 3669.1263 | E14: =Demand!E15 -> 3707.7143 | F14: =Demand!F15 -> 3745.4501 | G14: =Demand!G15 -> 3782.3448 | H14: =Demand!H15 -> 3818.4094 | I14: =Demand!I15 -> 3853.655 | J14: =Demand!J15 -> 3888.0922 | K14: =Demand!K15 -> 3921.7318 | ... AH14: =Demand!AH15 -> 4498.1519
A15: Recycled water available | B15: M m³/yr | C15: Urban demand met × recovery share | D15: =Demand!D13*(Inputs!B41+(Inputs!B42-Inputs!B41)*(D3-2020)/30) -> 153.03391 | E15: =Demand!E13*(Inputs!B41+(Inputs!B42-Inputs!B41)*(E3-2020)/30) -> 162.00486 | F15: =Demand!F13*(Inputs!B41+(Inputs!B42-Inputs!B41)*(F3-2020)/30) -> 171.13365 | G15: =Demand!G13*(Inputs!B41+(Inputs!B42-Inputs!B41)*(G3-2020)/30) -> 180.41723 | H15: =Demand!H13*(Inputs!B41+(Inputs!B42-Inputs!B41)*(H3-2020)/30) -> 189.85258 | I15: =Demand!I13*(Inputs!B41+(Inputs!B42-Inputs!B41)*(I3-2020)/30) -> 199.43669 | J15: =Demand!J13*(Inputs!B41+(Inputs!B42-Inputs!B41)*(J3-2020)/30) -> 209.16661 | K15: =Demand!K13*(Inputs!B41+(Inputs!B42-Inputs!B41)*(K3-2020)/30) -> 219.03941 | L15: =Demand!L13*(Inputs!B41+(Inputs!B42-Inputs!B41)*(L3-2020)/30) -> 229.05219 | M15: =Demand!M13*(Inputs!B41+(Inputs!B42-Inputs!B41)*(M3-2020)/30) -> 239.20208 | N15: =Demand!N13*(Inputs!B41+(Inputs!B42-Inputs!B41)*(N3-2020)/30) -> 249.48626 | O15: =Demand!O13*(Inputs!B41+(Inputs!B42-Inputs!B41)*(O3-2020)/30) -> 259.9019 | P15: =Demand!P13*(Inputs!B41+(Inputs!B42-Inputs!B41)*(P3-2020)/30) -> 270.44625 | Q15: =Demand!Q13*(Inputs!B41+(Inputs!B42-Inputs!B41)*(Q3-2020)/30) -> 281.11655 | R15: =Demand!R13*(Inputs!B41+(Inputs!B42-Inputs!B41)*(R3-2020)/30) -> 291.9101 | S15: =Demand!S13*(Inputs!B41+(Inputs!B42-Inputs!B41)*(S3-2020)/30) -> 302.82421 | T15: =Demand!T13*(Inputs!B41+(Inputs!B42-Inputs!B41)*(T3-2020)/30) -> 313.85623 | U15: =Demand!U13*(Inputs!B41+(Inputs!B42-Inputs!B41)*(U3-2020)/30) -> 325.00354 | V15: =Demand!V13*(Inputs!B41+(Inputs!B42-Inputs!B41)*(V3-2020)/30) -> 336.26354 | W15: =Demand!W13*(Inputs!B41+(Inputs!B42-Inputs!B41)*(W3-2020)/30) -> 347.63366 | X15: =Demand!X13*(Inputs!B41+(Inputs!B42-Inputs!B41)*(X3-2020)/30) -> 359.11138 | Y15: =Demand!Y13*(Inputs!B41+(Inputs!B42-Inputs!B41)*(Y3-2020)/30) -> 370.69417 | Z15: =Demand!Z13*(Inputs!B41+(Inputs!B42-Inputs!B41)*(Z3-2020)/30) -> 382.37956 | AA15: =Demand!AA13*(Inputs!B41+(Inputs!B42-Inputs!B41)*(AA3-2020)/30) -> 394.1651 | AB15: =Demand!AB13*(Inputs!B41+(Inputs!B42-Inputs!B41)*(AB3-2020)/30) -> 406.04836 | AC15: =Demand!AC13*(Inputs!B41+(Inputs!B42-Inputs!B41)*(AC3-2020)/30) -> 418.02695 | AD15: =Demand!AD13*(Inputs!B41+(Inputs!B42-Inputs!B41)*(AD3-2020)/30) -> 430.09849 | AE15: =Demand!AE13*(Inputs!B41+(Inputs!B42-Inputs!B41)*(AE3-2020)/30) -> 442.26064 | AF15: =Demand!AF13*(Inputs!B41+(Inputs!B42-Inputs!B41)*(AF3-2020)/30) -> 454.51108 | AG15: =Demand!AG13*(Inputs!B41+(Inputs!B42-Inputs!B41)*(AG3-2020)/30) -> 466.84753 | AH15: =Demand!AH13*(Inputs!B41+(Inputs!B42-Inputs!B41)*(AH3-2020)/30) -> 479.26772
A16: Recycled water to trees | B16: M m³/yr | C16: Allocated first from recycled water, capped by tree demand | D16: =MIN(Supply!D6,Supply!D15*(Inputs!B50+(Inputs!B51-Inputs!B50)*(D3-2020)/30)) -> 0 | E16: =MIN(Supply!E6,Supply!E15*(Inputs!B50+(Inputs!B51-Inputs!B50)*(E3-2020)/30)) -> 0 | F16: =MIN(Supply!F6,Supply!F15*(Inputs!B50+(Inputs!B51-Inputs!B50)*(F3-2020)/30)) -> 0 | G16: =MIN(Supply!G6,Supply!G15*(Inputs!B50+(Inputs!B51-Inputs!B50)*(G3-2020)/30)) -> 0 | H16: =MIN(Supply!H6,Supply!H15*(Inputs!B50+(Inputs!B51-Inputs!B50)*(H3-2020)/30)) -> 0 | I16: =MIN(Supply!I6,Supply!I15*(Inputs!B50+(Inputs!B51-Inputs!B50)*(I3-2020)/30)) -> 0 | J16: =MIN(Supply!J6,Supply!J15*(Inputs!B50+(Inputs!B51-Inputs!B50)*(J3-2020)/30)) -> 0 | K16: =MIN(Supply!K6,Supply!K15*(Inputs!B50+(Inputs!B51-Inputs!B50)*(K3-2020)/30)) -> 54.75 | L16: =MIN(Supply!L6,Supply!L15*(Inputs!B50+(Inputs!B51-Inputs!B50)*(L3-2020)/30)) -> 102.30998 | M16: =MIN(Supply!M6,Supply!M15*(Inputs!B50+(Inputs!B51-Inputs!B50)*(M3-2020)/30)) -> 105.24892 | N16: =MIN(Supply!N6,Supply!N15*(Inputs!B50+(Inputs!B51-Inputs!B50)*(N3-2020)/30)) -> 108.11071 | O16: =MIN(Supply!O6,Supply!O15*(Inputs!B50+(Inputs!B51-Inputs!B50)*(O3-2020)/30)) -> 110.89148 | P16: =MIN(Supply!P6,Supply!P15*(Inputs!B50+(Inputs!B51-Inputs!B50)*(P3-2020)/30)) -> 113.58742 | Q16: =MIN(Supply!Q6,Supply!Q15*(Inputs!B50+(Inputs!B51-Inputs!B50)*(Q3-2020)/30)) -> 116.19484 | R16: =MIN(Supply!R6,Supply!R15*(Inputs!B50+(Inputs!B51-Inputs!B50)*(R3-2020)/30)) -> 118.71011 | S16: =MIN(Supply!S6,Supply!S15*(Inputs!B50+(Inputs!B51-Inputs!B50)*(S3-2020)/30)) -> 121.12968 | T16: =MIN(Supply!T6,Supply!T15*(Inputs!B50+(Inputs!B51-Inputs!B50)*(T3-2020)/30)) -> 123.45012 | U16: =MIN(Supply!U6,Supply!U15*(Inputs!B50+(Inputs!B51-Inputs!B50)*(U3-2020)/30)) -> 125.66804 | V16: =MIN(Supply!V6,Supply!V15*(Inputs!B50+(Inputs!B51-Inputs!B50)*(V3-2020)/30)) -> 127.78014 | W16: =MIN(Supply!W6,Supply!W15*(Inputs!B50+(Inputs!B51-Inputs!B50)*(W3-2020)/30)) -> 129.78323 | X16: =MIN(Supply!X6,Supply!X15*(Inputs!B50+(Inputs!B51-Inputs!B50)*(X3-2020)/30)) -> 131.67417 | Y16: =MIN(Supply!Y6,Supply!Y15*(Inputs!B50+(Inputs!B51-Inputs!B50)*(Y3-2020)/30)) -> 133.4499 | Z16: =MIN(Supply!Z6,Supply!Z15*(Inputs!B50+(Inputs!B51-Inputs!B50)*(Z3-2020)/30)) -> 135.10744 | AA16: =MIN(Supply!AA6,Supply!AA15*(Inputs!B50+(Inputs!B51-Inputs!B50)*(AA3-2020)/30)) -> 136.6439 | AB16: =MIN(Supply!AB6,Supply!AB15*(Inputs!B50+(Inputs!B51-Inputs!B50)*(AB3-2020)/30)) -> 138.05644 | AC16: =MIN(Supply!AC6,Supply!AC15*(Inputs!B50+(Inputs!B51-Inputs!B50)*(AC3-2020)/30)) -> 139.34232 | AD16: =MIN(Supply!AD6,Supply!AD15*(Inputs!B50+(Inputs!B51-Inputs!B50)*(AD3-2020)/30)) -> 140.49884 | AE16: =MIN(Supply!AE6,Supply!AE15*(Inputs!B50+(Inputs!B51-Inputs!B50)*(AE3-2020)/30)) -> 141.5234 | AF16: =MIN(Supply!AF6,Supply!AF15*(Inputs!B50+(Inputs!B51-Inputs!B50)*(AF3-2020)/30)) -> 142.41347 | AG16: =MIN(Supply!AG6,Supply!AG15*(Inputs!B50+(Inputs!B51-Inputs!B50)*(AG3-2020)/30)) -> 143.16658 | AH16: =MIN(Supply!AH6,Supply!AH15*(Inputs!B50+(Inputs!B51-Inputs!B50)*(AH3-2020)/30)) -> 143.78032
A17: Recycled water to agriculture | B17: M m³/yr | C17: Residual recycled water after trees | D17: =MIN(Supply!D14,MAX(Supply!D15-Supply!D16,0)) -> 153.03391 | E17: =MIN(Supply!E14,MAX(Supply!E15-Supply!E16,0)) -> 162.00486 | F17: =MIN(Supply!F14,MAX(Supply!F15-Supply!F16,0)) -> 171.13365 | G17: =MIN(Supply!G14,MAX(Supply!G15-Supply!G16,0)) -> 180.41723 | H17: =MIN(Supply!H14,MAX(Supply!H15-Supply!H16,0)) -> 189.85258 | I17: =MIN(Supply!I14,MAX(Supply!I15-Supply!I16,0)) -> 199.43669 | J17: =MIN(Supply!J14,MAX(Supply!J15-Supply!J16,0)) -> 209.16661 | K17: =MIN(Supply!K14,MAX(Supply!K15-Supply!K16,0)) -> 164.28941 | ... AH17: =MIN(Supply!AH14,MAX(Supply!AH15-Supply!AH16,0)) -> 335.4874
A18: Urban from groundwater | B18: M m³/yr | C18: Urban first draw on GW | D18: =MIN(Supply!D12*Inputs!B52,Supply!D8) -> 1020.2261 | E18: =MIN(Supply!E12*Inputs!B52,Supply!E8) -> 1034.0735 | F18: =MIN(Supply!F12*Inputs!B52,Supply!F8) -> 1047.757 | G18: =MIN(Supply!G12*Inputs!B52,Supply!G8) -> 1061.2778 | H18: =MIN(Supply!H12*Inputs!B52,Supply!H8) -> 1074.6372 | I18: =MIN(Supply!I12*Inputs!B52,Supply!I8) -> 1087.8365 | J18: =MIN(Supply!J12*Inputs!B52,Supply!J8) -> 1100.8769 | K18: =MIN(Supply!K12*Inputs!B52,Supply!K8) -> 1113.7597 | L18: =MIN(Supply!L12*Inputs!B52,Supply!L8) -> 1126.4862 | M18: =MIN(Supply!M12*Inputs!B52,Supply!M8) -> 1139.0575 | N18: =MIN(Supply!N12*Inputs!B52,Supply!N8) -> 1151.475 | O18: =MIN(Supply!O12*Inputs!B52,Supply!O8) -> 1163.7399 | P18: =MIN(Supply!P12*Inputs!B52,Supply!P8) -> 1175.8532 | Q18: =MIN(Supply!Q12*Inputs!B52,Supply!Q8) -> 1187.8164 | R18: =MIN(Supply!R12*Inputs!B52,Supply!R8) -> 1199.6305 | S18: =MIN(Supply!S12*Inputs!B52,Supply!S8) -> 1211.2968 | T18: =MIN(Supply!T12*Inputs!B52,Supply!T8) -> 1222.8165 | U18: =MIN(Supply!U12*Inputs!B52,Supply!U8) -> 1234.1907 | V18: =MIN(Supply!V12*Inputs!B52,Supply!V8) -> 1245.4205 | W18: =MIN(Supply!W12*Inputs!B52,Supply!W8) -> 1256.5072 | X18: =MIN(Supply!X12*Inputs!B52,Supply!X8) -> 1267.4519 | Y18: =MIN(Supply!Y12*Inputs!B52,Supply!Y8) -> 1278.2558 | Z18: =MIN(Supply!Z12*Inputs!B52,Supply!Z8) -> 1288.9199 | AA18: =MIN(Supply!AA12*Inputs!B52,Supply!AA8) -> 1299.4454 | AB18: =MIN(Supply!AB12*Inputs!B52,Supply!AB8) -> 1309.8334 | AC18: =MIN(Supply!AC12*Inputs!B52,Supply!AC8) -> 1320.0851 | AD18: =MIN(Supply!AD12*Inputs!B52,Supply!AD8) -> 1330.2015 | AE18: =MIN(Supply!AE12*Inputs!B52,Supply!AE8) -> 1340.1837 | AF18: =MIN(Supply!AF12*Inputs!B52,Supply!AF8) -> 1350.0329 | AG18: =MIN(Supply!AG12*Inputs!B52,Supply!AG8) -> 1359.7501 | AH18: =MIN(Supply!AH12*Inputs!B52,Supply!AH8) -> 1369.3363
A19: Urban from GMMR | B19: M m³/yr | C19: Urban then GMMR | D19: =MIN(MAX(Supply!D12-D18,0)*Inputs!B53,MAX(Supply!D9,0)) -> 0 | E19: =MIN(MAX(Supply!E12-E18,0)*Inputs!B53,MAX(Supply!E9,0)) -> 0 | F19: =MIN(MAX(Supply!F12-F18,0)*Inputs!B53,MAX(Supply!F9,0)) -> 0 | G19: =MIN(MAX(Supply!G12-G18,0)*Inputs!B53,MAX(Supply!G9,0)) -> 0 | H19: =MIN(MAX(Supply!H12-H18,0)*Inputs!B53,MAX(Supply!H9,0)) -> 0 | I19: =MIN(MAX(Supply!I12-I18,0)*Inputs!B53,MAX(Supply!I9,0)) -> 0 | J19: =MIN(MAX(Supply!J12-J18,0)*Inputs!B53,MAX(Supply!J9,0)) -> 0 | K19: =MIN(MAX(Supply!K12-K18,0)*Inputs!B53,MAX(Supply!K9,0)) -> 0 | L19: =MIN(MAX(Supply!L12-L18,0)*Inputs!B53,MAX(Supply!L9,0)) -> 0 | M19: =MIN(MAX(Supply!M12-M18,0)*Inputs!B53,MAX(Supply!M9,0)) -> 0 | N19: =MIN(MAX(Supply!N12-N18,0)*Inputs!B53,MAX(Supply!N9,0)) -> 0 | O19: =MIN(MAX(Supply!O12-O18,0)*Inputs!B53,MAX(Supply!O9,0)) -> 0 | P19: =MIN(MAX(Supply!P12-P18,0)*Inputs!B53,MAX(Supply!P9,0)) -> 0 | Q19: =MIN(MAX(Supply!Q12-Q18,0)*Inputs!B53,MAX(Supply!Q9,0)) -> 0 | R19: =MIN(MAX(Supply!R12-R18,0)*Inputs!B53,MAX(Supply!R9,0)) -> 0 | S19: =MIN(MAX(Supply!S12-S18,0)*Inputs!B53,MAX(Supply!S9,0)) -> 0 | T19: =MIN(MAX(Supply!T12-T18,0)*Inputs!B53,MAX(Supply!T9,0)) -> 0 | U19: =MIN(MAX(Supply!U12-U18,0)*Inputs!B53,MAX(Supply!U9,0)) -> 0 | V19: =MIN(MAX(Supply!V12-V18,0)*Inputs!B53,MAX(Supply!V9,0)) -> 0 | W19: =MIN(MAX(Supply!W12-W18,0)*Inputs!B53,MAX(Supply!W9,0)) -> 0 | X19: =MIN(MAX(Supply!X12-X18,0)*Inputs!B53,MAX(Supply!X9,0)) -> 0 | Y19: =MIN(MAX(Supply!Y12-Y18,0)*Inputs!B53,MAX(Supply!Y9,0)) -> 0 | Z19: =MIN(MAX(Supply!Z12-Z18,0)*Inputs!B53,MAX(Supply!Z9,0)) -> 0 | AA19: =MIN(MAX(Supply!AA12-AA18,0)*Inputs!B53,MAX(Supply!AA9,0)) -> 0 | AB19: =MIN(MAX(Supply!AB12-AB18,0)*Inputs!B53,MAX(Supply!AB9,0)) -> 0 | AC19: =MIN(MAX(Supply!AC12-AC18,0)*Inputs!B53,MAX(Supply!AC9,0)) -> 0 | AD19: =MIN(MAX(Supply!AD12-AD18,0)*Inputs!B53,MAX(Supply!AD9,0)) -> 0 | AE19: =MIN(MAX(Supply!AE12-AE18,0)*Inputs!B53,MAX(Supply!AE9,0)) -> 0 | AF19: =MIN(MAX(Supply!AF12-AF18,0)*Inputs!B53,MAX(Supply!AF9,0)) -> 0 | AG19: =MIN(MAX(Supply!AG12-AG18,0)*Inputs!B53,MAX(Supply!AG9,0)) -> 0 | AH19: =MIN(MAX(Supply!AH12-AH18,0)*Inputs!B53,MAX(Supply!AH9,0)) -> 0
A20: Urban from desalination | B20: M m³/yr | C20: Urban residual desal | D20: =MAX(Supply!D12-D18-D19,0) -> 0 | E20: =MAX(Supply!E12-E18-E19,0) -> 0 | F20: =MAX(Supply!F12-F18-F19,0) -> 0 | G20: =MAX(Supply!G12-G18-G19,0) -> 0 | H20: =MAX(Supply!H12-H18-H19,0) -> 0 | I20: =MAX(Supply!I12-I18-I19,0) -> 0 | J20: =MAX(Supply!J12-J18-J19,0) -> 0 | K20: =MAX(Supply!K12-K18-K19,0) -> 0 | ... AH20: =MAX(Supply!AH12-AH18-AH19,0) -> 0
A21: Industrial from groundwater | B21: M m³/yr | C21: Industrial second draw on GW | D21: =MIN(Supply!D13*Inputs!B54,MAX(Supply!D8-D18,0)) -> 248.3337 | E21: =MIN(Supply!E13*Inputs!B54,MAX(Supply!E8-E18,0)) -> 257.45178 | F21: =MIN(Supply!F13*Inputs!B54,MAX(Supply!F8-F18,0)) -> 266.81503 | G21: =MIN(Supply!G13*Inputs!B54,MAX(Supply!G8-G18,0)) -> 276.42927 | H21: =MIN(Supply!H13*Inputs!B54,MAX(Supply!H8-H18,0)) -> 286.30046 | I21: =MIN(Supply!I13*Inputs!B54,MAX(Supply!I8-I18,0)) -> 296.43468 | J21: =MIN(Supply!J13*Inputs!B54,MAX(Supply!J8-J18,0)) -> 306.83817 | K21: =MIN(Supply!K13*Inputs!B54,MAX(Supply!K8-K18,0)) -> 317.51727 | L21: =MIN(Supply!L13*Inputs!B54,MAX(Supply!L8-L18,0)) -> 328.4785 | M21: =MIN(Supply!M13*Inputs!B54,MAX(Supply!M8-M18,0)) -> 339.72849 | N21: =MIN(Supply!N13*Inputs!B54,MAX(Supply!N8-N18,0)) -> 351.27404 | O21: =MIN(Supply!O13*Inputs!B54,MAX(Supply!O8-O18,0)) -> 363.12209 | P21: =MIN(Supply!P13*Inputs!B54,MAX(Supply!P8-P18,0)) -> 375.27973 | Q21: =MIN(Supply!Q13*Inputs!B54,MAX(Supply!Q8-Q18,0)) -> 387.75422 | R21: =MIN(Supply!R13*Inputs!B54,MAX(Supply!R8-R18,0)) -> 400.55297 | S21: =MIN(Supply!S13*Inputs!B54,MAX(Supply!S8-S18,0)) -> 413.68356 | T21: =MIN(Supply!T13*Inputs!B54,MAX(Supply!T8-T18,0)) -> 427.15371 | U21: =MIN(Supply!U13*Inputs!B54,MAX(Supply!U8-U18,0)) -> 440.97136 | V21: =MIN(Supply!V13*Inputs!B54,MAX(Supply!V8-V18,0)) -> 455.14458 | W21: =MIN(Supply!W13*Inputs!B54,MAX(Supply!W8-W18,0)) -> 469.68163 | X21: =MIN(Supply!X13*Inputs!B54,MAX(Supply!X8-X18,0)) -> 484.59096 | Y21: =MIN(Supply!Y13*Inputs!B54,MAX(Supply!Y8-Y18,0)) -> 499.88119 | Z21: =MIN(Supply!Z13*Inputs!B54,MAX(Supply!Z8-Z18,0)) -> 515.56116 | AA21: =MIN(Supply!AA13*Inputs!B54,MAX(Supply!AA8-AA18,0)) -> 531.63985 | AB21: =MIN(Supply!AB13*Inputs!B54,MAX(Supply!AB8-AB18,0)) -> 548.1265 | AC21: =MIN(Supply!AC13*Inputs!B54,MAX(Supply!AC8-AC18,0)) -> 565.03049 | AD21: =MIN(Supply!AD13*Inputs!B54,MAX(Supply!AD8-AD18,0)) -> 582.36145 | AE21: =MIN(Supply!AE13*Inputs!B54,MAX(Supply!AE8-AE18,0)) -> 600.1292 | AF21: =MIN(Supply!AF13*Inputs!B54,MAX(Supply!AF8-AF18,0)) -> 618.34378 | AG21: =MIN(Supply!AG13*Inputs!B54,MAX(Supply!AG8-AG18,0)) -> 637.01545 | AH21: =MIN(Supply!AH13*Inputs!B54,MAX(Supply!AH8-AH18,0)) -> 656.15468
A22: Industrial from GMMR | B22: M m³/yr | C22: Industrial then GMMR | D22: =MIN(MAX(Supply!D13-D21,0)*Inputs!B55,MAX(Supply!D9-D19,0)) -> 0 | E22: =MIN(MAX(Supply!E13-E21,0)*Inputs!B55,MAX(Supply!E9-E19,0)) -> 0 | F22: =MIN(MAX(Supply!F13-F21,0)*Inputs!B55,MAX(Supply!F9-F19,0)) -> 0 | G22: =MIN(MAX(Supply!G13-G21,0)*Inputs!B55,MAX(Supply!G9-G19,0)) -> 0 | H22: =MIN(MAX(Supply!H13-H21,0)*Inputs!B55,MAX(Supply!H9-H19,0)) -> 0 | I22: =MIN(MAX(Supply!I13-I21,0)*Inputs!B55,MAX(Supply!I9-I19,0)) -> 0 | J22: =MIN(MAX(Supply!J13-J21,0)*Inputs!B55,MAX(Supply!J9-J19,0)) -> 0 | K22: =MIN(MAX(Supply!K13-K21,0)*Inputs!B55,MAX(Supply!K9-K19,0)) -> 0 | L22: =MIN(MAX(Supply!L13-L21,0)*Inputs!B55,MAX(Supply!L9-L19,0)) -> 0 | M22: =MIN(MAX(Supply!M13-M21,0)*Inputs!B55,MAX(Supply!M9-M19,0)) -> 0 | N22: =MIN(MAX(Supply!N13-N21,0)*Inputs!B55,MAX(Supply!N9-N19,0)) -> 0 | O22: =MIN(MAX(Supply!O13-O21,0)*Inputs!B55,MAX(Supply!O9-O19,0)) -> 0 | P22: =MIN(MAX(Supply!P13-P21,0)*Inputs!B55,MAX(Supply!P9-P19,0)) -> 0 | Q22: =MIN(MAX(Supply!Q13-Q21,0)*Inputs!B55,MAX(Supply!Q9-Q19,0)) -> 0 | R22: =MIN(MAX(Supply!R13-R21,0)*Inputs!B55,MAX(Supply!R9-R19,0)) -> 0 | S22: =MIN(MAX(Supply!S13-S21,0)*Inputs!B55,MAX(Supply!S9-S19,0)) -> 0 | T22: =MIN(MAX(Supply!T13-T21,0)*Inputs!B55,MAX(Supply!T9-T19,0)) -> 0 | U22: =MIN(MAX(Supply!U13-U21,0)*Inputs!B55,MAX(Supply!U9-U19,0)) -> 0 | V22: =MIN(MAX(Supply!V13-V21,0)*Inputs!B55,MAX(Supply!V9-V19,0)) -> 0 | W22: =MIN(MAX(Supply!W13-W21,0)*Inputs!B55,MAX(Supply!W9-W19,0)) -> 0 | X22: =MIN(MAX(Supply!X13-X21,0)*Inputs!B55,MAX(Supply!X9-X19,0)) -> 0 | Y22: =MIN(MAX(Supply!Y13-Y21,0)*Inputs!B55,MAX(Supply!Y9-Y19,0)) -> 0 | Z22: =MIN(MAX(Supply!Z13-Z21,0)*Inputs!B55,MAX(Supply!Z9-Z19,0)) -> 0 | AA22: =MIN(MAX(Supply!AA13-AA21,0)*Inputs!B55,MAX(Supply!AA9-AA19,0)) -> 0 | AB22: =MIN(MAX(Supply!AB13-AB21,0)*Inputs!B55,MAX(Supply!AB9-AB19,0)) -> 0 | AC22: =MIN(MAX(Supply!AC13-AC21,0)*Inputs!B55,MAX(Supply!AC9-AC19,0)) -> 0 | AD22: =MIN(MAX(Supply!AD13-AD21,0)*Inputs!B55,MAX(Supply!AD9-AD19,0)) -> 0 | AE22: =MIN(MAX(Supply!AE13-AE21,0)*Inputs!B55,MAX(Supply!AE9-AE19,0)) -> 0 | AF22: =MIN(MAX(Supply!AF13-AF21,0)*Inputs!B55,MAX(Supply!AF9-AF19,0)) -> 0 | AG22: =MIN(MAX(Supply!AG13-AG21,0)*Inputs!B55,MAX(Supply!AG9-AG19,0)) -> 0 | AH22: =MIN(MAX(Supply!AH13-AH21,0)*Inputs!B55,MAX(Supply!AH9-AH19,0)) -> 0
A23: Industrial from desalination | B23: M m³/yr | C23: Industrial residual desal | D23: =MAX(Supply!D13-D21-D22,0) -> 0 | E23: =MAX(Supply!E13-E21-E22,0) -> 0 | F23: =MAX(Supply!F13-F21-F22,0) -> 0 | G23: =MAX(Supply!G13-G21-G22,0) -> 0 | H23: =MAX(Supply!H13-H21-H22,0) -> 0 | I23: =MAX(Supply!I13-I21-I22,0) -> 0 | J23: =MAX(Supply!J13-J21-J22,0) -> 0 | K23: =MAX(Supply!K13-K21-K22,0) -> 0 | ... AH23: =MAX(Supply!AH13-AH21-AH22,0) -> 0
A24: Agriculture from groundwater | B24: M m³/yr | C24: Agriculture draw on GW after recycled | D24: =MIN(MAX(Supply!D14-Supply!D17,0)*Inputs!B56,MAX(Supply!D8-D18-D21,0)) -> 2231.4402 | E24: =MIN(MAX(Supply!E14-Supply!E17,0)*Inputs!B56,MAX(Supply!E8-E18-E21,0)) -> 2155.9747 | F24: =MIN(MAX(Supply!F14-Supply!F17,0)*Inputs!B56,MAX(Supply!F8-F18-F21,0)) -> 2081.2154 | G24: =MIN(MAX(Supply!G14-Supply!G17,0)*Inputs!B56,MAX(Supply!G8-G18-G21,0)) -> 2007.1436 | H24: =MIN(MAX(Supply!H14-Supply!H17,0)*Inputs!B56,MAX(Supply!H8-H18-H21,0)) -> 1933.7402 | I24: =MIN(MAX(Supply!I14-Supply!I17,0)*Inputs!B56,MAX(Supply!I8-I18-I21,0)) -> 1860.9866 | J24: =MIN(MAX(Supply!J14-Supply!J17,0)*Inputs!B56,MAX(Supply!J8-J18-J21,0)) -> 1788.8638 | K24: =MIN(MAX(Supply!K14-Supply!K17,0)*Inputs!B56,MAX(Supply!K8-K18-K21,0)) -> 1717.3532 | L24: =MIN(MAX(Supply!L14-Supply!L17,0)*Inputs!B56,MAX(Supply!L8-L18-L21,0)) -> 1646.4361 | M24: =MIN(MAX(Supply!M14-Supply!M17,0)*Inputs!B56,MAX(Supply!M8-M18-M21,0)) -> 1576.0937 | N24: =MIN(MAX(Supply!N14-Supply!N17,0)*Inputs!B56,MAX(Supply!N8-N18-N21,0)) -> 1506.3075 | O24: =MIN(MAX(Supply!O14-Supply!O17,0)*Inputs!B56,MAX(Supply!O8-O18-O21,0)) -> 1437.0588 | P24: =MIN(MAX(Supply!P14-Supply!P17,0)*Inputs!B56,MAX(Supply!P8-P18-P21,0)) -> 1368.3289 | Q24: =MIN(MAX(Supply!Q14-Supply!Q17,0)*Inputs!B56,MAX(Supply!Q8-Q18-Q21,0)) -> 1300.0993 | R24: =MIN(MAX(Supply!R14-Supply!R17,0)*Inputs!B56,MAX(Supply!R8-R18-R21,0)) -> 1232.3514 | S24: =MIN(MAX(Supply!S14-Supply!S17,0)*Inputs!B56,MAX(Supply!S8-S18-S21,0)) -> 1165.0665 | T24: =MIN(MAX(Supply!T14-Supply!T17,0)*Inputs!B56,MAX(Supply!T8-T18-T21,0)) -> 1098.226 | U24: =MIN(MAX(Supply!U14-Supply!U17,0)*Inputs!B56,MAX(Supply!U8-U18-U21,0)) -> 1031.8112 | V24: =MIN(MAX(Supply!V14-Supply!V17,0)*Inputs!B56,MAX(Supply!V8-V18-V21,0)) -> 965.80356 | W24: =MIN(MAX(Supply!W14-Supply!W17,0)*Inputs!B56,MAX(Supply!W8-W18-W21,0)) -> 900.18427 | X24: =MIN(MAX(Supply!X14-Supply!X17,0)*Inputs!B56,MAX(Supply!X8-X18-X21,0)) -> 834.93465 | Y24: =MIN(MAX(Supply!Y14-Supply!Y17,0)*Inputs!B56,MAX(Supply!Y8-Y18-Y21,0)) -> 770.03591 | Z24: =MIN(MAX(Supply!Z14-Supply!Z17,0)*Inputs!B56,MAX(Supply!Z8-Z18-Z21,0)) -> 705.46924 | AA24: =MIN(MAX(Supply!AA14-Supply!AA17,0)*Inputs!B56,MAX(Supply!AA8-AA18-AA21,0)) -> 641.21577 | AB24: =MIN(MAX(Supply!AB14-Supply!AB17,0)*Inputs!B56,MAX(Supply!AB8-AB18-AB21,0)) -> 577.25657 | AC24: =MIN(MAX(Supply!AC14-Supply!AC17,0)*Inputs!B56,MAX(Supply!AC8-AC18-AC21,0)) -> 513.57266 | AD24: =MIN(MAX(Supply!AD14-Supply!AD17,0)*Inputs!B56,MAX(Supply!AD8-AD18-AD21,0)) -> 450.14496 | AE24: =MIN(MAX(Supply!AE14-Supply!AE17,0)*Inputs!B56,MAX(Supply!AE8-AE18-AE21,0)) -> 386.95435 | AF24: =MIN(MAX(Supply!AF14-Supply!AF17,0)*Inputs!B56,MAX(Supply!AF8-AF18-AF21,0)) -> 323.98159 | AG24: =MIN(MAX(Supply!AG14-Supply!AG17,0)*Inputs!B56,MAX(Supply!AG8-AG18-AG21,0)) -> 261.20738 | AH24: =MIN(MAX(Supply!AH14-Supply!AH17,0)*Inputs!B56,MAX(Supply!AH8-AH18-AH21,0)) -> 198.61231
A25: Agriculture from GMMR | B25: M m³/yr | C25: Agriculture then GMMR | D25: =MIN(MAX(MAX(D14-D17,0)-D24,0)*Inputs!B57,MAX(D9-D19-D22,0)) -> 912 | E25: =MIN(MAX(MAX(Supply!E14-Supply!E17,0)-E24,0)*Inputs!B57,MAX(Supply!E9-E19-E22,0)) -> 893.76 | F25: =MIN(MAX(MAX(Supply!F14-Supply!F17,0)-F24,0)*Inputs!B57,MAX(Supply!F9-F19-F22,0)) -> 875.8848 | G25: =MIN(MAX(MAX(Supply!G14-Supply!G17,0)-G24,0)*Inputs!B57,MAX(Supply!G9-G19-G22,0)) -> 858.3671 | H25: =MIN(MAX(MAX(Supply!H14-Supply!H17,0)-H24,0)*Inputs!B57,MAX(Supply!H9-H19-H22,0)) -> 841.19976 | I25: =MIN(MAX(MAX(Supply!I14-Supply!I17,0)-I24,0)*Inputs!B57,MAX(Supply!I9-I19-I22,0)) -> 824.37577 | J25: =MIN(MAX(MAX(Supply!J14-Supply!J17,0)-J24,0)*Inputs!B57,MAX(Supply!J9-J19-J22,0)) -> 807.88825 | K25: =MIN(MAX(MAX(Supply!K14-Supply!K17,0)-K24,0)*Inputs!B57,MAX(Supply!K9-K19-K22,0)) -> 791.73049 | L25: =MIN(MAX(MAX(Supply!L14-Supply!L17,0)-L24,0)*Inputs!B57,MAX(Supply!L9-L19-L22,0)) -> 775.89588 | M25: =MIN(MAX(MAX(Supply!M14-Supply!M17,0)-M24,0)*Inputs!B57,MAX(Supply!M9-M19-M22,0)) -> 760.37796 | N25: =MIN(MAX(MAX(Supply!N14-Supply!N17,0)-N24,0)*Inputs!B57,MAX(Supply!N9-N19-N22,0)) -> 745.1704 | O25: =MIN(MAX(MAX(Supply!O14-Supply!O17,0)-O24,0)*Inputs!B57,MAX(Supply!O9-O19-O22,0)) -> 730.26699 | P25: =MIN(MAX(MAX(Supply!P14-Supply!P17,0)-P24,0)*Inputs!B57,MAX(Supply!P9-P19-P22,0)) -> 715.66165 | Q25: =MIN(MAX(MAX(Supply!Q14-Supply!Q17,0)-Q24,0)*Inputs!B57,MAX(Supply!Q9-Q19-Q22,0)) -> 701.34842 | R25: =MIN(MAX(MAX(Supply!R14-Supply!R17,0)-R24,0)*Inputs!B57,MAX(Supply!R9-R19-R22,0)) -> 687.32145 | S25: =MIN(MAX(MAX(Supply!S14-Supply!S17,0)-S24,0)*Inputs!B57,MAX(Supply!S9-S19-S22,0)) -> 673.57502 | T25: =MIN(MAX(MAX(Supply!T14-Supply!T17,0)-T24,0)*Inputs!B57,MAX(Supply!T9-T19-T22,0)) -> 660.10352 | U25: =MIN(MAX(MAX(Supply!U14-Supply!U17,0)-U24,0)*Inputs!B57,MAX(Supply!U9-U19-U22,0)) -> 646.90145 | V25: =MIN(MAX(MAX(Supply!V14-Supply!V17,0)-V24,0)*Inputs!B57,MAX(Supply!V9-V19-V22,0)) -> 633.96342 | W25: =MIN(MAX(MAX(Supply!W14-Supply!W17,0)-W24,0)*Inputs!B57,MAX(Supply!W9-W19-W22,0)) -> 621.28415 | X25: =MIN(MAX(MAX(Supply!X14-Supply!X17,0)-X24,0)*Inputs!B57,MAX(Supply!X9-X19-X22,0)) -> 608.85847 | Y25: =MIN(MAX(MAX(Supply!Y14-Supply!Y17,0)-Y24,0)*Inputs!B57,MAX(Supply!Y9-Y19-Y22,0)) -> 596.6813 | Z25: =MIN(MAX(MAX(Supply!Z14-Supply!Z17,0)-Z24,0)*Inputs!B57,MAX(Supply!Z9-Z19-Z22,0)) -> 584.74767 | AA25: =MIN(MAX(MAX(Supply!AA14-Supply!AA17,0)-AA24,0)*Inputs!B57,MAX(Supply!AA9-AA19-AA22,0)) -> 573.05272 | AB25: =MIN(MAX(MAX(Supply!AB14-Supply!AB17,0)-AB24,0)*Inputs!B57,MAX(Supply!AB9-AB19-AB22,0)) -> 561.59167 | AC25: =MIN(MAX(MAX(Supply!AC14-Supply!AC17,0)-AC24,0)*Inputs!B57,MAX(Supply!AC9-AC19-AC22,0)) -> 550.35983 | AD25: =MIN(MAX(MAX(Supply!AD14-Supply!AD17,0)-AD24,0)*Inputs!B57,MAX(Supply!AD9-AD19-AD22,0)) -> 539.35264 | AE25: =MIN(MAX(MAX(Supply!AE14-Supply!AE17,0)-AE24,0)*Inputs!B57,MAX(Supply!AE9-AE19-AE22,0)) -> 528.56558 | AF25: =MIN(MAX(MAX(Supply!AF14-Supply!AF17,0)-AF24,0)*Inputs!B57,MAX(Supply!AF9-AF19-AF22,0)) -> 517.99427 | AG25: =MIN(MAX(MAX(Supply!AG14-Supply!AG17,0)-AG24,0)*Inputs!B57,MAX(Supply!AG9-AG19-AG22,0)) -> 507.63439 | AH25: =MIN(MAX(MAX(Supply!AH14-Supply!AH17,0)-AH24,0)*Inputs!B57,MAX(Supply!AH9-AH19-AH22,0)) -> 497.4817
A26: Agriculture from desalination | B26: M m³/yr | C26: Agriculture residual desal | D26: =MAX(MAX(D14-D17,0)-D24-D25,0) -> 372.65221 | E26: =MAX(MAX(Supply!E14-Supply!E17,0)-E24-E25,0) -> 495.97479 | F26: =MAX(MAX(Supply!F14-Supply!F17,0)-F24-F25,0) -> 617.21618 | G26: =MAX(MAX(Supply!G14-Supply!G17,0)-G24-G25,0) -> 736.41683 | H26: =MAX(MAX(Supply!H14-Supply!H17,0)-H24-H25,0) -> 853.61683 | I26: =MAX(MAX(Supply!I14-Supply!I17,0)-I24-I25,0) -> 968.85594 | J26: =MAX(MAX(Supply!J14-Supply!J17,0)-J24-J25,0) -> 1082.1735 | K26: =MAX(MAX(Supply!K14-Supply!K17,0)-K24-K25,0) -> 1248.3587 | L26: =MAX(MAX(Supply!L14-Supply!L17,0)-L24-L25,0) -> 1405.5102 | ... AH26: =MAX(MAX(Supply!AH14-Supply!AH17,0)-AH24-AH25,0) -> 3466.5705
A27: Trees from desalination | B27: M m³/yr | C27: Tree residual after recycled | D27: =MAX(Supply!D6-Supply!D16,0) -> 0 | E27: =MAX(Supply!E6-Supply!E16,0) -> 0 | F27: =MAX(Supply!F6-Supply!F16,0) -> 0 | G27: =MAX(Supply!G6-Supply!G16,0) -> 0 | H27: =MAX(Supply!H6-Supply!H16,0) -> 0 | I27: =MAX(Supply!I6-Supply!I16,0) -> 0 | J27: =MAX(Supply!J6-Supply!J16,0) -> 0 | K27: =MAX(Supply!K6-Supply!K16,0) -> 0 | ... AH27: =MAX(Supply!AH6-Supply!AH16,0) -> 403.71968
A28: CHECK: allocated demand incl recycled | B28: M m³/yr | C28: Should equal total demand | D28: =D18+D19+D20+D21+D22+D23+D17+D24+D25+D26+D16+D27 -> 4937.6861 | E28: =E18+E19+E20+E21+E22+E23+E17+E24+E25+E26+E16+E27 -> 4999.2396 | F28: =F18+F19+F20+F21+F22+F23+F17+F24+F25+F26+F16+F27 -> 5060.0221 | G28: =G18+G19+G20+G21+G22+G23+G17+G24+G25+G26+G16+G27 -> 5120.0519 | H28: =H18+H19+H20+H21+H22+H23+H17+H24+H25+H26+H16+H27 -> 5179.3471 | I28: =I18+I19+I20+I21+I22+I23+I17+I24+I25+I26+I16+I27 -> 5237.9262 | J28: =J18+J19+J20+J21+J22+J23+J17+J24+J25+J26+J16+J27 -> 5295.8073 | K28: =K18+K19+K20+K21+K22+K23+K17+K24+K25+K26+K16+K27 -> 5407.7588 | ... AH28: =AH18+AH19+AH20+AH21+AH22+AH23+AH17+AH24+AH25+AH26+AH16+AH27 -> 7071.1429
A29: Desalination required (total) | B29: M m³/yr | C29: MAX(0, Total demand − GW − GMMR) | D29: =D20+D23+D26+D27 -> 372.65221 | E29: =Supply!E20+Supply!E23+Supply!E26+Supply!E27 -> 495.97479 | F29: =Supply!F20+Supply!F23+Supply!F26+Supply!F27 -> 617.21618 | G29: =Supply!G20+Supply!G23+Supply!G26+Supply!G27 -> 736.41683 | H29: =Supply!H20+Supply!H23+Supply!H26+Supply!H27 -> 853.61683 | I29: =Supply!I20+Supply!I23+Supply!I26+Supply!I27 -> 968.85594 | J29: =Supply!J20+Supply!J23+Supply!J26+Supply!J27 -> 1082.1735 | K29: =Supply!K20+Supply!K23+Supply!K26+Supply!K27 -> 1248.3587 | L29: =Supply!L20+Supply!L23+Supply!L26+Supply!L27 -> 1412.7002 | ... AH29: =Supply!AH20+Supply!AH23+Supply!AH26+Supply!AH27 -> 3870.2902
A30: Desalination if NO tree programme | B30: M m³/yr | C30: MAX(0, (Demand−Tree) − GW − GMMR) | D30: =D20+D23+D26 -> 372.65221 | E30: =E20+E23+E26 -> 495.97479 | F30: =F20+F23+F26 -> 617.21618 | G30: =G20+G23+G26 -> 736.41683 | H30: =H20+H23+H26 -> 853.61683 | I30: =I20+I23+I26 -> 968.85594 | J30: =J20+J23+J26 -> 1082.1735 | K30: =K20+K23+K26 -> 1248.3587 | L30: =L20+L23+L26 -> 1405.5102 | M30: =Supply!M20+Supply!M23+Supply!M26 -> 1516.2355 | N30: =Supply!N20+Supply!N23+Supply!N26 -> 1625.1165 | O30: =Supply!O20+Supply!O23+Supply!O26 -> 1732.1872 | P30: =Supply!P20+Supply!P23+Supply!P26 -> 1837.4815 | Q30: =Supply!Q20+Supply!Q23+Supply!Q26 -> 1941.0329 | R30: =Supply!R20+Supply!R23+Supply!R26 -> 2042.8749 | S30: =Supply!S20+Supply!S23+Supply!S26 -> 2143.0406 | T30: =Supply!T20+Supply!T23+Supply!T26 -> 2241.5632 | ... AH30: =Supply!AH20+Supply!AH23+Supply!AH26 -> 3466.5705
A31: Incremental desal for tree programme | B31: M m³/yr | C31: Row 12 − Row 13 | D31: =D29-D30 -> 0 | E31: =Supply!E29-Supply!E30 -> 0 | F31: =Supply!F29-Supply!F30 -> 0 | G31: =Supply!G29-Supply!G30 -> 0 | H31: =Supply!H29-Supply!H30 -> 0 | I31: =Supply!I29-Supply!I30 -> 0 | J31: =Supply!J29-Supply!J30 -> 0 | K31: =Supply!K29-Supply!K30 -> 0 | L31: =Supply!L29-Supply!L30 -> 7.1900208 | ... AH31: =Supply!AH29-Supply!AH30 -> 403.71968
A32: → equivalent SWRO capacity | B32: m³/day | C32: Row 14 × 1e6 / 365 | D32: =D31*1000000/365 -> 0 | E32: =Supply!E31*1000000/365 -> 0 | F32: =Supply!F31*1000000/365 -> 0 | G32: =Supply!G31*1000000/365 -> 0 | H32: =Supply!H31*1000000/365 -> 0 | I32: =Supply!I31*1000000/365 -> 0 | J32: =Supply!J31*1000000/365 -> 0 | K32: =Supply!K31*1000000/365 -> 0 | L32: =Supply!L31*1000000/365 -> 19698.687 | ... AH32: =Supply!AH31*1000000/365 -> 1106081.3
A34: Recycled water used (total) | B34: M m³/yr | C34: Recycled water to trees + agriculture | D34: =Supply!D16+Supply!D17 -> 153.03391 | E34: =Supply!E16+Supply!E17 -> 162.00486 | F34: =Supply!F16+Supply!F17 -> 171.13365 | G34: =Supply!G16+Supply!G17 -> 180.41723 | H34: =Supply!H16+Supply!H17 -> 189.85258 | I34: =Supply!I16+Supply!I17 -> 199.43669 | J34: =Supply!J16+Supply!J17 -> 209.16661 | K34: =Supply!K16+Supply!K17 -> 219.03941 | ... AH34: =Supply!AH16+Supply!AH17 -> 479.26772
A35: Total water supply (incl. recycled) | B35: M m³/yr | C35: GW + GMMR + desal + recycled | D35: =Supply!D8+Supply!D9+Supply!D29+Supply!D34 -> 4937.6861 | E35: =Supply!E8+Supply!E9+Supply!E29+Supply!E34 -> 4999.2396 | F35: =Supply!F8+Supply!F9+Supply!F29+Supply!F34 -> 5060.0221 | G35: =Supply!G8+Supply!G9+Supply!G29+Supply!G34 -> 5120.0519 | H35: =Supply!H8+Supply!H9+Supply!H29+Supply!H34 -> 5179.3471 | I35: =Supply!I8+Supply!I9+Supply!I29+Supply!I34 -> 5237.9262 | J35: =Supply!J8+Supply!J9+Supply!J29+Supply!J34 -> 5295.8073 | K35: =Supply!K8+Supply!K9+Supply!K29+Supply!K34 -> 5407.7588 | ... AH35: =Supply!AH8+Supply!AH9+Supply!AH29+Supply!AH34 -> 7071.1429
A36: Share: Local groundwater | B36: % | D36: =Supply!D8/Supply!D5 -> 0.70883404 | E36: =Supply!E8/Supply!E5 -> 0.68960487 | F36: =Supply!F8/Supply!F5 -> 0.67110131 | G36: =Supply!G8/Supply!G5 -> 0.65328453 | H36: =Supply!H8/Supply!H5 -> 0.63611839 | I36: =Supply!I8/Supply!I5 -> 0.61956921 | J36: =Supply!J8/Supply!J5 -> 0.60360559 | K36: =Supply!K8/Supply!K5 -> 0.58224309 | ... AH36: =Supply!AH8/Supply!AH5 -> 0.31453237
A37: Share: GMMR pipeline | B37: % | D37: =Supply!D9/Supply!D5 -> 0.1847019 | E37: =Supply!E9/Supply!E5 -> 0.17877919 | F37: =Supply!F9/Supply!F5 -> 0.17309901 | G37: =Supply!G9/Supply!G5 -> 0.16764813 | H37: =Supply!H9/Supply!H5 -> 0.16241425 | I37: =Supply!I9/Supply!I5 -> 0.15738591 | J37: =Supply!J9/Supply!J5 -> 0.15255243 | K37: =Supply!K9/Supply!K5 -> 0.1464064 | ... AH37: =Supply!AH9/Supply!AH5 -> 0.070353789
A38: Share: Desalination | B38: % | D38: =Supply!D29/Supply!D5 -> 0.075471021 | E38: =Supply!E29/Supply!E5 -> 0.099210046 | F38: =Supply!F29/Supply!F5 -> 0.12197895 | G38: =Supply!G29/Supply!G5 -> 0.14382996 | H38: =Supply!H29/Supply!H5 -> 0.16481167 | I38: =Supply!I29/Supply!I5 -> 0.18496938 | J38: =Supply!J29/Supply!J5 -> 0.20434534 | K38: =Supply!K29/Supply!K5 -> 0.23084586 | ... AH38: =Supply!AH29/Supply!AH5 -> 0.54733587
A40: CHECK: Supply − Demand | B40: M m³/yr | C40: Should equal zero | D40: =Supply!D35-Supply!D5 -> 0 | E40: =Supply!E35-Supply!E5 -> 0 | F40: =Supply!F35-Supply!F5 -> 0 | G40: =Supply!G35-Supply!G5 -> 0 | H40: =Supply!H35-Supply!H5 -> 0 | I40: =Supply!I35-Supply!I5 -> 0 | J40: =Supply!J35-Supply!J5 -> 0 | K40: =Supply!K35-Supply!K5 -> 0 | ... AH40: =Supply!AH35-Supply!AH5 -> 0

Sheet Energy
A1: Electricity Demand for Water Supply — Libya (2020–2050)
A3: Metric | B3: Units | C3: Notes | D3: 2020 | E3: 2021 | F3: 2022 | G3: 2023 | H3: 2024 | I3: 2025 | J3: 2026 | K3: 2027 | L3: 2028 | M3: 2029 | N3: 2030 | O3: 2031 | P3: 2032 | Q3: 2033 | R3: 2034 | S3: 2035 | T3: 2036 | U3: 2037 | V3: 2038 | W3: 2039 | X3: 2040 | Y3: 2041 | Z3: 2042 | AA3: 2043 | AB3: 2044 | AC3: 2045 | AD3: 2046 | AE3: 2047 | AF3: 2048 | AG3: 2049 | AH3: 2050
A5: EI local groundwater | B5: kWh/m³ | C5: EI_GW_2020 × (1+rise)^(year-2020) | D5: =Inputs!$B$26*(1+Inputs!$B$27)^(D$3-2020) -> 0.35 | E5: =Inputs!$B$26*(1+Inputs!$B$27)^(E$3-2020) -> 0.35525 | F5: =Inputs!$B$26*(1+Inputs!$B$27)^(F$3-2020) -> 0.36057875 | G5: =Inputs!$B$26*(1+Inputs!$B$27)^(G$3-2020) -> 0.36598743 | H5: =Inputs!$B$26*(1+Inputs!$B$27)^(H$3-2020) -> 0.37147724 | I5: =Inputs!$B$26*(1+Inputs!$B$27)^(I$3-2020) -> 0.3770494 | J5: =Inputs!$B$26*(1+Inputs!$B$27)^(J$3-2020) -> 0.38270514 | K5: =Inputs!$B$26*(1+Inputs!$B$27)^(K$3-2020) -> 0.38844572 | ... AH5: =Inputs!$B$26*(1+Inputs!$B$27)^(AH$3-2020) -> 0.54707808
A6: EI pipeline (GMMR) | B6: kWh/m³ | C6: EI_pipe × (1+rise)^(year-2020) | D6: =Inputs!$B$28*(1+Inputs!$B$29)^(D$3-2020) -> 1.8 | E6: =Inputs!$B$28*(1+Inputs!$B$29)^(E$3-2020) -> 1.818 | F6: =Inputs!$B$28*(1+Inputs!$B$29)^(F$3-2020) -> 1.83618 | G6: =Inputs!$B$28*(1+Inputs!$B$29)^(G$3-2020) -> 1.8545418 | H6: =Inputs!$B$28*(1+Inputs!$B$29)^(H$3-2020) -> 1.8730872 | I6: =Inputs!$B$28*(1+Inputs!$B$29)^(I$3-2020) -> 1.8918181 | J6: =Inputs!$B$28*(1+Inputs!$B$29)^(J$3-2020) -> 1.9107363 | K6: =Inputs!$B$28*(1+Inputs!$B$29)^(K$3-2020) -> 1.9298436 | ... AH6: =Inputs!$B$28*(1+Inputs!$B$29)^(AH$3-2020) -> 2.426128
A7: EI desalination (SWRO) | B7: kWh/m³ | C7: Linear from EI_2020 to EI_2050 | D7: =Inputs!$B$30+(Inputs!$B$31-Inputs!$B$30)*(D$3-2020)/30 -> 3.5 | E7: =Inputs!$B$30+(Inputs!$B$31-Inputs!$B$30)*(E$3-2020)/30 -> 3.4833333 | F7: =Inputs!$B$30+(Inputs!$B$31-Inputs!$B$30)*(F$3-2020)/30 -> 3.4666667 | G7: =Inputs!$B$30+(Inputs!$B$31-Inputs!$B$30)*(G$3-2020)/30 -> 3.45 | H7: =Inputs!$B$30+(Inputs!$B$31-Inputs!$B$30)*(H$3-2020)/30 -> 3.4333333 | I7: =Inputs!$B$30+(Inputs!$B$31-Inputs!$B$30)*(I$3-2020)/30 -> 3.4166667 | J7: =Inputs!$B$30+(Inputs!$B$31-Inputs!$B$30)*(J$3-2020)/30 -> 3.4 | K7: =Inputs!$B$30+(Inputs!$B$31-Inputs!$B$30)*(K$3-2020)/30 -> 3.3833333 | ... AH7: =Inputs!$B$30+(Inputs!$B$31-Inputs!$B$30)*(AH$3-2020)/30 -> 3
A9: Energy: Local groundwater | B9: GWh/yr | C9: EI × volume (M m³) | D9: =D5*Supply!D8 -> 1225 | E9: =E5*Supply!E8 -> 1224.7244 | F9: =F5*Supply!F8 -> 1224.4488 | G9: =G5*Supply!G8 -> 1224.1733 | H9: =H5*Supply!H8 -> 1223.8979 | I9: =I5*Supply!I8 -> 1223.6225 | J9: =J5*Supply!J8 -> 1223.3472 | K9: =K5*Supply!K8 -> 1223.0719 | ... AH9: =AH5*Supply!AH8 -> 1216.7582
A10: Energy: Pipeline (GMMR) | B10: GWh/yr | C10: EI × volume | D10: =D6*Supply!D9 -> 1641.6 | E10: =E6*Supply!E9 -> 1624.8557 | F10: =F6*Supply!F9 -> 1608.2822 | G10: =G6*Supply!G9 -> 1591.8777 | H10: =H6*Supply!H9 -> 1575.6405 | I10: =I6*Supply!I9 -> 1559.569 | J10: =J6*Supply!J9 -> 1543.6614 | K10: =K6*Supply!K9 -> 1527.916 | ... AH10: =AH6*Supply!AH9 -> 1206.9543
A11: Energy: Desalination (total) (DESAL) | B11: GWh/yr | C11: EI × volume | D11: =D7*Supply!D29 -> 1304.2827 | E11: =E7*Supply!E29 -> 1727.6455 | F11: =F7*Supply!F29 -> 2139.6828 | G11: =G7*Supply!G29 -> 2540.6381 | H11: =H7*Supply!H29 -> 2930.7511 | I11: =I7*Supply!I29 -> 3310.2578 | J11: =J7*Supply!J29 -> 3679.39 | K11: =K7*Supply!K29 -> 4223.6137 | ... AH11: =AH7*Supply!AH29 -> 11610.871
A12: of which: for tree programme | B12: GWh/yr | C12: EI × incremental desal volume | D12: =D7*Supply!D31 -> 0 | E12: =E7*Supply!E31 -> 0 | F12: =F7*Supply!F31 -> 0 | G12: =G7*Supply!G31 -> 0 | H12: =H7*Supply!H31 -> 0 | I12: =I7*Supply!I31 -> 0 | J12: =J7*Supply!J31 -> 0 | K12: =K7*Supply!K31 -> 0 | ... AH12: =AH7*Supply!AH31 -> 1211.1591
A13: EI recycled water | B13: kWh/m³ | C13: Linear from EI_2020 to EI_2050 | D13: =Inputs!B45+(Inputs!B46-Inputs!B45)*(D3-2020)/30 -> 0.8 | E13: =Inputs!B45+(Inputs!B46-Inputs!B45)*(E3-2020)/30 -> 0.795 | F13: =Inputs!B45+(Inputs!B46-Inputs!B45)*(F3-2020)/30 -> 0.79 | G13: =Inputs!B45+(Inputs!B46-Inputs!B45)*(G3-2020)/30 -> 0.785 | H13: =Inputs!B45+(Inputs!B46-Inputs!B45)*(H3-2020)/30 -> 0.78 | I13: =Inputs!B45+(Inputs!B46-Inputs!B45)*(I3-2020)/30 -> 0.775 | J13: =Inputs!B45+(Inputs!B46-Inputs!B45)*(J3-2020)/30 -> 0.77 | K13: =Inputs!B45+(Inputs!B46-Inputs!B45)*(K3-2020)/30 -> 0.765 | L13: =Inputs!B45+(Inputs!B46-Inputs!B45)*(L3-2020)/30 -> 0.76 | M13: =Inputs!B45+(Inputs!B46-Inputs!B45)*(M3-2020)/30 -> 0.755 | N13: =Inputs!B45+(Inputs!B46-Inputs!B45)*(N3-2020)/30 -> 0.75 | O13: =Inputs!B45+(Inputs!B46-Inputs!B45)*(O3-2020)/30 -> 0.745 | P13: =Inputs!B45+(Inputs!B46-Inputs!B45)*(P3-2020)/30 -> 0.74 | Q13: =Inputs!B45+(Inputs!B46-Inputs!B45)*(Q3-2020)/30 -> 0.735 | R13: =Inputs!B45+(Inputs!B46-Inputs!B45)*(R3-2020)/30 -> 0.73 | S13: =Inputs!B45+(Inputs!B46-Inputs!B45)*(S3-2020)/30 -> 0.725 | T13: =Inputs!B45+(Inputs!B46-Inputs!B45)*(T3-2020)/30 -> 0.72 | U13: =Inputs!B45+(Inputs!B46-Inputs!B45)*(U3-2020)/30 -> 0.715 | V13: =Inputs!B45+(Inputs!B46-Inputs!B45)*(V3-2020)/30 -> 0.71 | W13: =Inputs!B45+(Inputs!B46-Inputs!B45)*(W3-2020)/30 -> 0.705 | X13: =Inputs!B45+(Inputs!B46-Inputs!B45)*(X3-2020)/30 -> 0.7 | Y13: =Inputs!B45+(Inputs!B46-Inputs!B45)*(Y3-2020)/30 -> 0.695 | Z13: =Inputs!B45+(Inputs!B46-Inputs!B45)*(Z3-2020)/30 -> 0.69 | AA13: =Inputs!B45+(Inputs!B46-Inputs!B45)*(AA3-2020)/30 -> 0.685 | AB13: =Inputs!B45+(Inputs!B46-Inputs!B45)*(AB3-2020)/30 -> 0.68 | AC13: =Inputs!B45+(Inputs!B46-Inputs!B45)*(AC3-2020)/30 -> 0.675 | AD13: =Inputs!B45+(Inputs!B46-Inputs!B45)*(AD3-2020)/30 -> 0.67 | AE13: =Inputs!B45+(Inputs!B46-Inputs!B45)*(AE3-2020)/30 -> 0.665 | AF13: =Inputs!B45+(Inputs!B46-Inputs!B45)*(AF3-2020)/30 -> 0.66 | AG13: =Inputs!B45+(Inputs!B46-Inputs!B45)*(AG3-2020)/30 -> 0.655 | AH13: =Inputs!B45+(Inputs!B46-Inputs!B45)*(AH3-2020)/30 -> 0.65
A14: Energy: Recycled water (RW) | B14: GWh/yr | C14: EI × recycled water volume | D14: =D13*(Supply!D16+Supply!D17) -> 122.42713 | E14: =E13*(Supply!E16+Supply!E17) -> 128.79386 | F14: =F13*(Supply!F16+Supply!F17) -> 135.19558 | G14: =G13*(Supply!G16+Supply!G17) -> 141.62753 | H14: =H13*(Supply!H16+Supply!H17) -> 148.08501 | I14: =I13*(Supply!I16+Supply!I17) -> 154.56344 | J14: =J13*(Supply!J16+Supply!J17) -> 161.05829 | K14: =K13*(Supply!K16+Supply!K17) -> 167.56515 | ... AH14: =AH13*(Supply!AH16+Supply!AH17) -> 311.52402
A15: TOTAL electricity demand | B15: GWh/yr | C15: GW + GMMR + Desal | D15: =D9+D10+D11+D14 -> 4293.3099 | E15: =E9+E10+E11+E14 -> 4706.0194 | F15: =F9+F10+F11+F14 -> 5107.6093 | G15: =G9+G10+G11+G14 -> 5498.3166 | H15: =H9+H10+H11+H14 -> 5878.3745 | I15: =I9+I10+I11+I14 -> 6248.0127 | J15: =J9+J10+J11+J14 -> 6607.4569 | K15: =K9+K10+K11+K14 -> 7142.1668 | ... AH15: =AH9+AH10+AH11+AH14 -> 14346.107
A16: TOTAL electricity demand | B16: TWh/yr | C16: GWh / 1000 | D16: =D15/1000 -> 4.2933099 | E16: =E15/1000 -> 4.7060194 | F16: =F15/1000 -> 5.1076093 | G16: =G15/1000 -> 5.4983166 | H16: =H15/1000 -> 5.8783745 | I16: =I15/1000 -> 6.2480127 | J16: =J15/1000 -> 6.6074569 | K16: =K15/1000 -> 7.1421668 | ... AH16: =AH15/1000 -> 14.346107
B17: PJ/yr | C17: GW * × 0.0036 PJ/GWh | D17: =+D15*Inputs!$B$64 -> 15.455916 | E17: =+E15*Inputs!$B$64 -> 16.94167 | F17: =+F15*Inputs!$B$64 -> 18.387394 | G17: =+G15*Inputs!$B$64 -> 19.79394 | H17: =+H15*Inputs!$B$64 -> 21.162148 | I17: =+I15*Inputs!$B$64 -> 22.492846 | J17: =+J15*Inputs!$B$64 -> 23.786845 | K17: =+K15*Inputs!$B$64 -> 25.711801 | ... AH17: =+AH15*Inputs!$B$64 -> 51.645985
A19: BAU (no tree programme) | B19: PJ/yr | C19: GW + GMMR + desal (excl. tree programme) + RW | D19: =+(D9+D10+(D11-D12)+D14)*Inputs!$B$64 -> 15.455916 | E19: =+(E9+E10+(E11-E12)+E14)*Inputs!$B$64 -> 16.94167 | F19: =+(F9+F10+(F11-F12)+F14)*Inputs!$B$64 -> 18.387394 | G19: =+(G9+G10+(G11-G12)+G14)*Inputs!$B$64 -> 19.79394 | H19: =+(H9+H10+(H11-H12)+H14)*Inputs!$B$64 -> 21.162148 | I19: =+(I9+I10+(I11-I12)+I14)*Inputs!$B$64 -> 22.492846 | J19: =+(J9+J10+(J11-J12)+J14)*Inputs!$B$64 -> 23.786845 | K19: =+(K9+K10+(K11-K12)+K14)*Inputs!$B$64 -> 25.711801 | ... AH19: =+(AH9+AH10+(AH11-AH12)+AH14)*Inputs!$B$64 -> 47.285813
A20: Unconditional (incl. tree programme) | B20: PJ/yr | C20: GW + GMMR + desal (incl. tree) + RW | D20: =+(D9+D10+D11+D14)*Inputs!$B$64 -> 15.455916 | E20: =+(E9+E10+E11+E14)*Inputs!$B$64 -> 16.94167 | F20: =+(F9+F10+F11+F14)*Inputs!$B$64 -> 18.387394 | G20: =+(G9+G10+G11+G14)*Inputs!$B$64 -> 19.79394 | H20: =+(H9+H10+H11+H14)*Inputs!$B$64 -> 21.162148 | I20: =+(I9+I10+I11+I14)*Inputs!$B$64 -> 22.492846 | J20: =+(J9+J10+J11+J14)*Inputs!$B$64 -> 23.786845 | K20: =+(K9+K10+K11+K14)*Inputs!$B$64 -> 25.711801 | ... AH20: =+(AH9+AH10+AH11+AH14)*Inputs!$B$64 -> 51.645985
A21: Conditional (incl. tree programme) | B21: PJ/yr | C21: GW + GMMR + desal (incl. tree) + RW | D21: =+(D9+D10+D11+D14)*Inputs!$B$64 -> 15.455916 | E21: =+(E9+E10+E11+E14)*Inputs!$B$64 -> 16.94167 | F21: =+(F9+F10+F11+F14)*Inputs!$B$64 -> 18.387394 | G21: =+(G9+G10+G11+G14)*Inputs!$B$64 -> 19.79394 | H21: =+(H9+H10+H11+H14)*Inputs!$B$64 -> 21.162148 | I21: =+(I9+I10+I11+I14)*Inputs!$B$64 -> 22.492846 | J21: =+(J9+J10+J11+J14)*Inputs!$B$64 -> 23.786845 | K21: =+(K9+K10+K11+K14)*Inputs!$B$64 -> 25.711801 | ... AH21: =+(AH9+AH10+AH11+AH14)*Inputs!$B$64 -> 51.645985
A23: System-avg EI (kWh/m³) | B23: kWh/m³ | C23: Total energy (GWh) / Total water (M m³) | D23: =D15/Supply!D5 -> 0.86949834 | E23: =E15/Supply!E5 -> 0.94134704 | F23: =F15/Supply!F5 -> 1.0094045 | G23: =G15/Supply!G5 -> 1.0738791 | H23: =H15/Supply!H5 -> 1.1349644 | I23: =I15/Supply!I5 -> 1.1928409 | J23: =J15/Supply!J5 -> 1.247677 | K23: =K15/Supply!K5 -> 1.3207258 | ... AH23: =AH15/Supply!AH5 -> 2.0288244
A24: Electricity per capita | B24: kWh/cap/yr | C24: Total energy × 1e6 / Population | D24: =D15*1000000/Demand!D5 -> 637.43627 | E24: =E15*1000000/Demand!E5 -> 685.90873 | F24: =F15*1000000/Demand!F5 -> 731.04516 | G24: =G15*1000000/Demand!G5 -> 773.05581 | H24: =H15*1000000/Demand!H5 -> 812.1358 | I24: =I15*1000000/Demand!I5 -> 848.46638 | J24: =J15*1000000/Demand!J5 -> 882.21618 | K24: =K15*1000000/Demand!K5 -> 937.86646 | ... AH24: =AH15*1000000/Demand!AH5 -> 1365.3919
A25: Desalination share of energy | B25: % | D25: =D11/D15 -> 0.30379422 | E25: =E11/E15 -> 0.36711398 | F25: =F11/F15 -> 0.4189206 | G25: =G11/G15 -> 0.46207562 | H25: =H11/H15 -> 0.49856489 | I25: =I11/I15 -> 0.52980971 | J25: =J11/J15 -> 0.55685419 | K25: =K11/K15 -> 0.59136307 | ... AH25: =AH11/AH15 -> 0.80933946
A27: ADJUSTED SCENARIOS (v2 — from technical review)
A28: Adj: Groundwater (grid-electrified only) | B28: GWh/yr | C28: GW energy × Inputs!B60 | D28: =D9*Inputs!$B$60 -> 649.25 | E28: =E9*Inputs!$B$60 -> 649.10392 | F28: =F9*Inputs!$B$60 -> 648.95787 | G28: =G9*Inputs!$B$60 -> 648.81185 | H28: =H9*Inputs!$B$60 -> 648.66587 | I28: =I9*Inputs!$B$60 -> 648.51992 | J28: =J9*Inputs!$B$60 -> 648.37401 | K28: =K9*Inputs!$B$60 -> 648.22812 | ... AH28: =AH9*Inputs!$B$60 -> 644.88183
A29: Adj: Thermal desal fleet share | B29: share | C29: Linear interp B61 → B62 | D29: =Inputs!$B$61+(Inputs!$B$62-Inputs!$B$61)*(D$3-2020)/30 -> 0.95 | E29: =Inputs!$B$61+(Inputs!$B$62-Inputs!$B$61)*(E$3-2020)/30 -> 0.92166667 | F29: =Inputs!$B$61+(Inputs!$B$62-Inputs!$B$61)*(F$3-2020)/30 -> 0.89333333 | G29: =Inputs!$B$61+(Inputs!$B$62-Inputs!$B$61)*(G$3-2020)/30 -> 0.865 | H29: =Inputs!$B$61+(Inputs!$B$62-Inputs!$B$61)*(H$3-2020)/30 -> 0.83666667 | I29: =Inputs!$B$61+(Inputs!$B$62-Inputs!$B$61)*(I$3-2020)/30 -> 0.80833333 | J29: =Inputs!$B$61+(Inputs!$B$62-Inputs!$B$61)*(J$3-2020)/30 -> 0.78 | K29: =Inputs!$B$61+(Inputs!$B$62-Inputs!$B$61)*(K$3-2020)/30 -> 0.75166667 | ... AH29: =Inputs!$B$61+(Inputs!$B$62-Inputs!$B$61)*(AH$3-2020)/30 -> 0.1
A30: Adj: Fleet-blended desal EI | B30: kWh/m³ | C30: (1-share)×SWRO + share×thermal | D30: =(1-D29)*D7+D29*Inputs!$B$63 -> 14.425 | E30: =(1-E29)*E7+E29*Inputs!$B$63 -> 14.097861 | F30: =(1-F29)*F7+F29*Inputs!$B$63 -> 13.769778 | G30: =(1-G29)*G7+G29*Inputs!$B$63 -> 13.44075 | H30: =(1-H29)*H7+H29*Inputs!$B$63 -> 13.110778 | I30: =(1-I29)*I7+I29*Inputs!$B$63 -> 12.779861 | J30: =(1-J29)*J7+J29*Inputs!$B$63 -> 12.448 | K30: =(1-K29)*K7+K29*Inputs!$B$63 -> 12.115194 | ... AH30: =(1-AH29)*AH7+AH29*Inputs!$B$63 -> 4.2
A31: Adj: Desal energy (fleet-blended) | B31: GWh/yr | C31: Blended EI × total desal volume | D31: =D30*Supply!D29 -> 5375.5082 | E31: =E30*Supply!E29 -> 6992.1838 | F31: =F30*Supply!F29 -> 8498.9297 | G31: =G30*Supply!G29 -> 9897.9945 | H31: =H30*Supply!H29 -> 11191.581 | I31: =I30*Supply!I29 -> 12381.844 | J31: =J30*Supply!J29 -> 13470.896 | K31: =K30*Supply!K29 -> 15124.109 | ... AH31: =AH30*Supply!AH29 -> 16255.219
A32: Adj: TOTAL electricity (v2 fleet-blended) | B32: PJ/yr | C32: GridGW + GMMR + FleetDesal + RW | D32: =(D28+D10+D31+D14)*Inputs!$B$64 -> 28.039627 | E32: =(E28+E10+E31+E14)*Inputs!$B$64 -> 33.821774 | F32: =(F28+F10+F31+F14)*Inputs!$B$64 -> 39.208915 | G32: =(G28+G10+G31+G14)*Inputs!$B$64 -> 44.209122 | H32: =(H28+H10+H31+H14)*Inputs!$B$64 -> 48.830299 | I32: =(I28+I10+I31+I14)*Inputs!$B$64 -> 53.080188 | J32: =(J28+J10+J31+J14)*Inputs!$B$64 -> 56.966364 | K32: =(K28+K10+K31+K14)*Inputs!$B$64 -> 62.884145 | ... AH32: =(AH28+AH10+AH31+AH14)*Inputs!$B$64 -> 66.306884
A33: % of Libya total generation (cross-check) | B33: % | C33: Uncond total / Inputs!B65 | D33: =D15/Inputs!$B$65 -> 0.122666 | E33: =E15/Inputs!$B$65 -> 0.1344577 | F33: =F15/Inputs!$B$65 -> 0.14593169 | G33: =G15/Inputs!$B$65 -> 0.15709476 | H33: =H15/Inputs!$B$65 -> 0.16795356 | I33: =I15/Inputs!$B$65 -> 0.17851465 | J33: =J15/Inputs!$B$65 -> 0.18878448 | K33: =K15/Inputs!$B$65 -> 0.20406191 | ... AH33: =AH15/Inputs!$B$65 -> 0.40988877
A34: VALIDATION: Uncond − (BAU + tree incr) | B34: PJ/yr | C34: Should be 0 for all years | D34: =D20-(D19+D12*Inputs!$B$64) -> 0 | E34: =E20-(E19+E12*Inputs!$B$64) -> 0 | F34: =F20-(F19+F12*Inputs!$B$64) -> 0 | G34: =G20-(G19+G12*Inputs!$B$64) -> 0 | H34: =H20-(H19+H12*Inputs!$B$64) -> 0 | I34: =I20-(I19+I12*Inputs!$B$64) -> 0 | J34: =J20-(J19+J12*Inputs!$B$64) -> 0 | K34: =K20-(K19+K12*Inputs!$B$64) -> 0 | ... AH34: =AH20-(AH19+AH12*Inputs!$B$64) -> 0
A35: VALIDATION: desal total − tree (≥ 0) | B35: GWh/yr | C35: Tree incr must be subset of total | D35: =D11-D12 -> 1304.2827 | E35: =E11-E12 -> 1727.6455 | F35: =F11-F12 -> 2139.6828 | G35: =G11-G12 -> 2540.6381 | H35: =H11-H12 -> 2930.7511 | I35: =I11-I12 -> 3310.2578 | J35: =J11-J12 -> 3679.39 | K35: =K11-K12 -> 4223.6137 | ... AH35: =AH11-AH12 -> 10399.711
D39: =+D19/D40 -> 0.12722426
D40: =33746*Inputs!$B$64 -> 121.4856

Sheet Summary
A1: Libya Water-Energy Model — Summary (2020 vs 2050)
A3: Metric | B3: 2020 | C3: 2050 | D3: CAGR | E3: Notes
A4: Population | B4: =Demand!D5 -> 6735277 | C4: =Demand!AH5 -> 10506952 | D4: =IFERROR((C4/B4)^(1/30)-1,"") -> 0.014933006
A5: GDP per capita (USD) | B5: =Demand!D6 -> 6357 | C5: =Demand!AH6 -> 14556.121 | D5: =IFERROR((C5/B5)^(1/30)-1,"") -> 0.028
A6: Total GDP (M USD) | B6: =Demand!D7 -> 42816.156 | C6: =Demand!AH7 -> 152940.46 | D6: =IFERROR((C6/B6)^(1/30)-1,"") -> 0.04335113
A7: Total water demand (M m³/yr) | B7: =Demand!D19 -> 4937.6861 | C7: =Demand!AH19 -> 7071.1429 | D7: =IFERROR((C7/B7)^(1/30)-1,"") -> 0.012042781
A8: Domestic demand | B8: =Demand!D13 -> 1020.2261 | C8: =Demand!AH13 -> 1369.3363 | D8: =IFERROR((C8/B8)^(1/30)-1,"") -> 0.0098583411
A9: Industrial demand | B9: =Demand!D14 -> 248.3337 | C9: =Demand!AH14 -> 656.15468 | D9: =IFERROR((C9/B9)^(1/30)-1,"") -> 0.032917619
A10: Agricultural demand | B10: =Demand!D15 -> 3669.1263 | C10: =Demand!AH15 -> 4498.1519 | D10: =IFERROR((C10/B10)^(1/30)-1,"") -> 0.0068135421
A11: Tree programme demand | B11: =Demand!D17 -> 0 | C11: =Demand!AH17 -> 547.5 | D11: =IFERROR((C11/B11)^(1/30)-1,"") | E11: ~9% of national water use once fully established (2036+)
A12: Local groundwater (M m³/yr) | B12: =Supply!D8 -> 3500 | C12: =Supply!AH8 -> 2224.1033 | D12: =IFERROR((C12/B12)^(1/30)-1,"") -> -0.015
A13: GMMR pipeline (M m³/yr) | B13: =Supply!D9 -> 912 | C13: =Supply!AH9 -> 497.4817 | D13: =IFERROR((C13/B13)^(1/30)-1,"") -> -0.02 | E13: Now declining at −2%/yr (was +recovery)
A14: Desalination required (M m³/yr) | B14: =Supply!D29 -> 372.65221 | C14: =Supply!AH29 -> 3870.2902 | D14: =IFERROR((C14/B14)^(1/30)-1,"") -> 0.081138486 | E14: Makes up deficit
A15: Incremental desal for trees | B15: =Supply!D31 -> 0 | C15: =Supply!AH31 -> 403.71968 | D15: =IFERROR((C15/B15)^(1/30)-1,"")
A16: SWRO capacity for trees (m³/day) | B16: =Supply!D32 -> 0 | C16: =Supply!AH32 -> 1106081.3 | D16: =IFERROR((C16/B16)^(1/30)-1,"") | E16: ≈3× Libya's current operational desal fleet (~526 k m³/d, Brika 2018)
A17: Electricity: groundwater (GWh) | B17: =Energy!D9 -> 1225 | C17: =Energy!AH9 -> 1216.7582 | D17: =IFERROR((C17/B17)^(1/30)-1,"") -> -0.000225
A18: Electricity: GMMR (GWh) | B18: =Energy!D10 -> 1641.6 | C18: =Energy!AH10 -> 1206.9543 | D18: =IFERROR((C18/B18)^(1/30)-1,"") -> -0.0102
A19: Electricity: desalination (GWh) | B19: =Energy!D11 -> 1304.2827 | C19: =Energy!AH11 -> 11610.871 | D19: =IFERROR((C19/B19)^(1/30)-1,"") -> 0.07559746
A20: of which: for tree programme (GWh) | B20: =Energy!D12 -> 0 | C20: =Energy!AH12 -> 1211.1591 | D20: =IFERROR((C20/B20)^(1/30)-1,"")
A21: TOTAL electricity (GWh/yr) | B21: =Energy!D15 -> 4293.3099 | C21: =Energy!AH15 -> 14346.107 | D21: =IFERROR((C21/B21)^(1/30)-1,"") -> 0.041033554
A22: TOTAL electricity (TWh/yr) | B22: =Energy!D16 -> 4.2933099 | C22: =Energy!AH16 -> 14.346107 | D22: =IFERROR((C22/B22)^(1/30)-1,"") -> 0.041033554
A23: System-avg EI (kWh/m³) | B23: =Energy!D23 -> 0.86949834 | C23: =Energy!AH23 -> 2.0288244 | D23: =IFERROR((C23/B23)^(1/30)-1,"") -> 0.028645798
A24: Electricity per capita (kWh/cap/yr) | B24: =Energy!D24 -> 637.43627 | C24: =Energy!AH24 -> 1365.3919 | D24: =IFERROR((C24/B24)^(1/30)-1,"") -> 0.025716523
A25: Desal share of energy (%) | B25: =Energy!D25 -> 0.30379422 | C25: =Energy!AH25 -> 0.80933946 | D25: =IFERROR((C25/B25)^(1/30)-1,"") -> 0.033201529
A27: Recycled water available (M m³/yr) | B27: =Supply!D15 -> 153.03391 | C27: =Supply!AH15 -> 479.26772
A28: Recycled water to trees (M m³/yr) | B28: =Supply!D16 -> 0 | C28: =Supply!AH16 -> 143.78032
A29: Recycled water to agriculture (M m³/yr) | B29: =Supply!D17 -> 153.03391 | C29: =Supply!AH17 -> 335.4874
A30: Electricity: recycled water (GWh) | B30: =Energy!D14 -> 122.42713 | C30: =Energy!AH14 -> 311.52402
B32: Note: Total demand rises over time; declining GW and GMMR are balanced by higher desalination and recycled water so total supply still matches demand.
B33: Sector water demand chart data
B34: Year | C34: Domestic | D34: Industrial | E34: Agriculture | F34: Trees
B35: 2020 | C35: =Demand!D13 -> 1020.2261 | D35: =Demand!D14 -> 248.3337 | E35: =Demand!D15 -> 3669.1263 | F35: =Demand!D17 -> 0
B36: 2030 | C36: =Demand!N13 -> 1151.475 | D36: =Demand!N14 -> 351.27404 | E36: =Demand!N15 -> 4017.9699 | F36: =Demand!N17 -> 219
B37: 2040 | C37: =Demand!X13 -> 1267.4519 | D37: =Demand!X14 -> 484.59096 | E37: =Demand!X15 -> 4291.1092 | F37: =Demand!X17 -> 547.5
B38: Cleaned summary charts | C38: =Demand!AH13 -> 1369.3363 | D38: =Demand!AH14 -> 656.15468 | E38: =Demand!AH15 -> 4498.1519 | F38: =Demand!AH17 -> 547.5
B39: Total demand rises over time. Declining groundwater and GMMR are offset by desalination and treated wastewater, so total supply and total electricity demand both rise.
B59: Sector water demand full-period data
B60: Year | C60: Domestic | D60: Industrial | E60: Agriculture | F60: Trees
B61: 2020 | C61: =Demand!D13 -> 1020.2261 | D61: =Demand!D14 -> 248.3337 | E61: =Demand!D15 -> 3669.1263 | F61: =Demand!D17 -> 0
B62: 2021 | C62: =Demand!E13 -> 1034.0735 | D62: =Demand!E14 -> 257.45178 | E62: =Demand!E15 -> 3707.7143 | F62: =Demand!E17 -> 0
B63: 2022 | C63: =Demand!F13 -> 1047.757 | D63: =Demand!F14 -> 266.81503 | E63: =Demand!F15 -> 3745.4501 | F63: =Demand!F17 -> 0
B64: 2023 | C64: =Demand!G13 -> 1061.2778 | D64: =Demand!G14 -> 276.42927 | E64: =Demand!G15 -> 3782.3448 | F64: =Demand!G17 -> 0
B65: 2024 | C65: =Demand!H13 -> 1074.6372 | D65: =Demand!H14 -> 286.30046 | E65: =Demand!H15 -> 3818.4094 | F65: =Demand!H17 -> 0
B66: 2025 | C66: =Demand!I13 -> 1087.8365 | D66: =Demand!I14 -> 296.43468 | E66: =Demand!I15 -> 3853.655 | F66: =Demand!I17 -> 0
B67: 2026 | C67: =Demand!J13 -> 1100.8769 | D67: =Demand!J14 -> 306.83817 | E67: =Demand!J15 -> 3888.0922 | F67: =Demand!J17 -> 0
B68: 2027 | C68: =Demand!K13 -> 1113.7597 | D68: =Demand!K14 -> 317.51727 | E68: =Demand!K15 -> 3921.7318 | F68: =Demand!K17 -> 54.75
B69: 2028 | C69: =Demand!L13 -> 1126.4862 | D69: =Demand!L14 -> 328.4785 | E69: =Demand!L15 -> 3954.5844 | F69: =Demand!L17 -> 109.5
B70: 2029 | C70: =Demand!M13 -> 1139.0575 | D70: =Demand!M14 -> 339.72849 | E70: =Demand!M15 -> 3986.6603 | F70: =Demand!M17 -> 164.25
B71: 2030 | C71: =Demand!N13 -> 1151.475 | D71: =Demand!N14 -> 351.27404 | E71: =Demand!N15 -> 4017.9699 | F71: =Demand!N17 -> 219
B72: 2031 | C72: =Demand!O13 -> 1163.7399 | D72: =Demand!O14 -> 363.12209 | E72: =Demand!O15 -> 4048.5234 | F72: =Demand!O17 -> 273.75
B73: 2032 | C73: =Demand!P13 -> 1175.8532 | D73: =Demand!P14 -> 375.27973 | E73: =Demand!P15 -> 4078.3309 | F73: =Demand!P17 -> 328.5
B74: 2033 | C74: =Demand!Q13 -> 1187.8164 | D74: =Demand!Q14 -> 387.75422 | E74: =Demand!Q15 -> 4107.4024 | F74: =Demand!Q17 -> 383.25
B75: 2034 | C75: =Demand!R13 -> 1199.6305 | D75: =Demand!R14 -> 400.55297 | E75: =Demand!R15 -> 4135.7477 | F75: =Demand!R17 -> 438
B76: 2035 | C76: =Demand!S13 -> 1211.2968 | D76: =Demand!S14 -> 413.68356 | E76: =Demand!S15 -> 4163.3766 | F76: =Demand!S17 -> 492.75
B77: 2036 | C77: =Demand!T13 -> 1222.8165 | D77: =Demand!T14 -> 427.15371 | E77: =Demand!T15 -> 4190.2988 | F77: =Demand!T17 -> 547.5
B78: 2037 | C78: =Demand!U13 -> 1234.1907 | D78: =Demand!U14 -> 440.97136 | E78: =Demand!U15 -> 4216.5238 | F78: =Demand!U17 -> 547.5
B79: 2038 | C79: =Demand!V13 -> 1245.4205 | D79: =Demand!V14 -> 455.14458 | E79: =Demand!V15 -> 4242.0609 | F79: =Demand!V17 -> 547.5
B80: 2039 | C80: =Demand!W13 -> 1256.5072 | D80: =Demand!W14 -> 469.68163 | E80: =Demand!W15 -> 4266.9197 | F80: =Demand!W17 -> 547.5
B81: 2040 | C81: =Demand!X13 -> 1267.4519 | D81: =Demand!X14 -> 484.59096 | E81: =Demand!X15 -> 4291.1092 | F81: =Demand!X17 -> 547.5
B82: 2041 | C82: =Demand!Y13 -> 1278.2558 | D82: =Demand!Y14 -> 499.88119 | E82: =Demand!Y15 -> 4314.6385 | F82: =Demand!Y17 -> 547.5
B83: 2042 | C83: =Demand!Z13 -> 1288.9199 | D83: =Demand!Z14 -> 515.56116 | E83: =Demand!Z15 -> 4337.5168 | F83: =Demand!Z17 -> 547.5
B84: 2043 | C84: =Demand!AA13 -> 1299.4454 | D84: =Demand!AA14 -> 531.63985 | E84: =Demand!AA15 -> 4359.7529 | F84: =Demand!AA17 -> 547.5
B85: 2044 | C85: =Demand!AB13 -> 1309.8334 | D85: =Demand!AB14 -> 548.1265 | E85: =Demand!AB15 -> 4381.3556 | F85: =Demand!AB17 -> 547.5
B86: 2045 | C86: =Demand!AC13 -> 1320.0851 | D86: =Demand!AC14 -> 565.03049 | E86: =Demand!AC15 -> 4402.3337 | F86: =Demand!AC17 -> 547.5
B87: 2046 | C87: =Demand!AD13 -> 1330.2015 | D87: =Demand!AD14 -> 582.36145 | E87: =Demand!AD15 -> 4422.6957 | F87: =Demand!AD17 -> 547.5
B88: 2047 | C88: =Demand!AE13 -> 1340.1837 | D88: =Demand!AE14 -> 600.1292 | E88: =Demand!AE15 -> 4442.4501 | F88: =Demand!AE17 -> 547.5
B89: 2048 | C89: =Demand!AF13 -> 1350.0329 | D89: =Demand!AF14 -> 618.34378 | E89: =Demand!AF15 -> 4461.6054 | F89: =Demand!AF17 -> 547.5
B90: 2049 | C90: =Demand!AG13 -> 1359.7501 | D90: =Demand!AG14 -> 637.01545 | E90: =Demand!AG15 -> 4480.17 | F90: =Demand!AG17 -> 547.5
B91: 2050 | C91: =Demand!AH13 -> 1369.3363 | D91: =Demand!AH14 -> 656.15468 | E91: =Demand!AH15 -> 4498.1519 | F91: =Demand!AH17 -> 547.5
B120: Supply mix data | J120: Energy demand data
B121: Year | C121: Groundwater | D121: GMMR | E121: Desalination | F121: Treated wastewater | J121: Year | K121: Groundwater | L121: GMMR | M121: Desalination | N121: Treated wastewater | O121: Total
B122: 2020 | C122: =Supply!D8 -> 3500 | D122: =Supply!D9 -> 912 | E122: =Supply!D29 -> 372.65221 | F122: =Supply!D34 -> 153.03391 | J122: 2020 | K122: =Energy!D9 -> 1225 | L122: =Energy!D10 -> 1641.6 | M122: =Energy!D11 -> 1304.2827 | N122: =Energy!D14 -> 122.42713 | O122: =Energy!D15 -> 4293.3099
B123: 2021 | C123: =Supply!E8 -> 3447.5 | D123: =Supply!E9 -> 893.76 | E123: =Supply!E29 -> 495.97479 | F123: =Supply!E34 -> 162.00486 | J123: 2021 | K123: =Energy!E9 -> 1224.7244 | L123: =Energy!E10 -> 1624.8557 | M123: =Energy!E11 -> 1727.6455 | N123: =Energy!E14 -> 128.79386 | O123: =Energy!E15 -> 4706.0194
B124: 2022 | C124: =Supply!F8 -> 3395.7875 | D124: =Supply!F9 -> 875.8848 | E124: =Supply!F29 -> 617.21618 | F124: =Supply!F34 -> 171.13365 | J124: 2022 | K124: =Energy!F9 -> 1224.4488 | L124: =Energy!F10 -> 1608.2822 | M124: =Energy!F11 -> 2139.6828 | N124: =Energy!F14 -> 135.19558 | O124: =Energy!F15 -> 5107.6093
B125: 2023 | C125: =Supply!G8 -> 3344.8507 | D125: =Supply!G9 -> 858.3671 | E125: =Supply!G29 -> 736.41683 | F125: =Supply!G34 -> 180.41723 | J125: 2023 | K125: =Energy!G9 -> 1224.1733 | L125: =Energy!G10 -> 1591.8777 | M125: =Energy!G11 -> 2540.6381 | N125: =Energy!G14 -> 141.62753 | O125: =Energy!G15 -> 5498.3166
B126: 2024 | C126: =Supply!H8 -> 3294.6779 | D126: =Supply!H9 -> 841.19976 | E126: =Supply!H29 -> 853.61683 | F126: =Supply!H34 -> 189.85258 | J126: 2024 | K126: =Energy!H9 -> 1223.8979 | L126: =Energy!H10 -> 1575.6405 | M126: =Energy!H11 -> 2930.7511 | N126: =Energy!H14 -> 148.08501 | O126: =Energy!H15 -> 5878.3745
B127: 2025 | C127: =Supply!I8 -> 3245.2578 | D127: =Supply!I9 -> 824.37577 | E127: =Supply!I29 -> 968.85594 | F127: =Supply!I34 -> 199.43669 | J127: 2025 | K127: =Energy!I9 -> 1223.6225 | L127: =Energy!I10 -> 1559.569 | M127: =Energy!I11 -> 3310.2578 | N127: =Energy!I14 -> 154.56344 | O127: =Energy!I15 -> 6248.0127
B128: 2026 | C128: =Supply!J8 -> 3196.5789 | D128: =Supply!J9 -> 807.88825 | E128: =Supply!J29 -> 1082.1735 | F128: =Supply!J34 -> 209.16661 | J128: 2026 | K128: =Energy!J9 -> 1223.3472 | L128: =Energy!J10 -> 1543.6614 | M128: =Energy!J11 -> 3679.39 | N128: =Energy!J14 -> 161.05829 | O128: =Energy!J15 -> 6607.4569
B129: 2027 | C129: =Supply!K8 -> 3148.6302 | D129: =Supply!K9 -> 791.73049 | E129: =Supply!K29 -> 1248.3587 | F129: =Supply!K34 -> 219.03941 | J129: 2027 | K129: =Energy!K9 -> 1223.0719 | L129: =Energy!K10 -> 1527.916 | M129: =Energy!K11 -> 4223.6137 | N129: =Energy!K14 -> 167.56515 | O129: =Energy!K15 -> 7142.1668
B130: 2028 | C130: =Supply!L8 -> 3101.4008 | D130: =Supply!L9 -> 775.89588 | E130: =Supply!L29 -> 1412.7002 | F130: =Supply!L34 -> 229.05219 | J130: 2028 | K130: =Energy!L9 -> 1222.7967 | L130: =Energy!L10 -> 1512.3313 | M130: =Energy!L11 -> 4756.0908 | N130: =Energy!L14 -> 174.07967 | O130: =Energy!L15 -> 7665.2985
B131: 2029 | C131: =Supply!M8 -> 3054.8797 | D131: =Supply!M9 -> 760.37796 | E131: =Supply!M29 -> 1575.2365 | F131: =Supply!M34 -> 239.20208 | J131: 2029 | K131: =Energy!M9 -> 1222.5216 | L131: =Energy!M10 -> 1496.9055 | M131: =Energy!M11 -> 5277.0424 | N131: =Energy!M14 -> 180.59757 | O131: =Energy!M15 -> 8177.0671
B132: 2030 | C132: =Supply!N8 -> 3009.0565 | D132: =Supply!N9 -> 745.1704 | E132: =Supply!N29 -> 1736.0058 | F132: =Supply!N34 -> 249.48626 | J132: 2030 | K132: =Energy!N9 -> 1222.2465 | L132: =Energy!N10 -> 1481.6371 | M132: =Energy!N11 -> 5786.6859 | N132: =Energy!N14 -> 187.11469 | O132: =Energy!N15 -> 8677.6842
B133: 2031 | C133: =Supply!O8 -> 2963.9207 | D133: =Supply!O9 -> 730.26699 | E133: =Supply!O29 -> 1895.0458 | F133: =Supply!O34 -> 259.9019 | J133: 2031 | K133: =Energy!O9 -> 1221.9715 | L133: =Energy!O10 -> 1466.5244 | M133: =Energy!O11 -> 6285.2351 | N133: =Energy!O14 -> 193.62692 | O133: =Energy!O15 -> 9167.3579
B134: 2032 | C134: =Supply!P8 -> 2919.4619 | D134: =Supply!P9 -> 715.66165 | E134: =Supply!P29 -> 2052.3941 | F134: =Supply!P34 -> 270.44625 | J134: 2032 | K134: =Energy!P9 -> 1221.6966 | L134: =Energy!P10 -> 1451.5658 | M134: =Energy!P11 -> 6772.9005 | N134: =Energy!P14 -> 200.13022 | O134: =Energy!P15 -> 9646.2932
B135: 2033 | C135: =Supply!Q8 -> 2875.67 | D135: =Supply!Q9 -> 701.34842 | E135: =Supply!Q29 -> 2208.0881 | F135: =Supply!Q34 -> 281.11655 | J135: 2033 | K135: =Energy!Q9 -> 1221.4217 | L135: =Energy!Q10 -> 1436.7599 | M135: =Energy!Q11 -> 7249.8892 | N135: =Energy!Q14 -> 206.62066 | O135: =Energy!Q15 -> 10114.691
B136: 2034 | C136: =Supply!R8 -> 2832.5349 | D136: =Supply!R9 -> 687.32145 | E136: =Supply!R29 -> 2362.1648 | F136: =Supply!R34 -> 291.9101 | J136: 2034 | K136: =Energy!R9 -> 1221.1469 | L136: =Energy!R10 -> 1422.1049 | M136: =Energy!R11 -> 7716.4049 | N136: =Energy!R14 -> 213.09437 | O136: =Energy!R15 -> 10572.751
B137: 2035 | C137: =Supply!S8 -> 2790.0469 | D137: =Supply!S9 -> 673.57502 | E137: =Supply!S29 -> 2514.6609 | F137: =Supply!S34 -> 302.82421 | J137: 2035 | K137: =Energy!S9 -> 1220.8721 | L137: =Energy!S10 -> 1407.5994 | M137: =Energy!S11 -> 8172.6479 | N137: =Energy!S14 -> 219.54755 | O137: =Energy!S15 -> 11020.667
B138: 2036 | C138: =Supply!T8 -> 2748.1962 | D138: =Supply!T9 -> 660.10352 | E138: =Supply!T29 -> 2665.6131 | F138: =Supply!T34 -> 313.85623 | J138: 2036 | K138: =Energy!T9 -> 1220.5974 | L138: =Energy!T10 -> 1393.2419 | M138: =Energy!T11 -> 8618.8156 | N138: =Energy!T14 -> 225.97649 | O138: =Energy!T15 -> 11458.631
B139: 2037 | C139: =Supply!U8 -> 2706.9732 | D139: =Supply!U9 -> 646.90145 | E139: =Supply!U29 -> 2760.3075 | F139: =Supply!U34 -> 325.00354 | J139: 2037 | K139: =Energy!U9 -> 1220.3228 | L139: =Energy!U10 -> 1379.0309 | M139: =Energy!U11 -> 8878.9892 | N139: =Energy!U14 -> 232.37753 | O139: =Energy!U15 -> 11710.72
B140: 2038 | C140: =Supply!V8 -> 2666.3686 | D140: =Supply!V9 -> 633.96342 | E140: =Supply!V29 -> 2853.5304 | F140: =Supply!V34 -> 336.26354 | J140: 2038 | K140: =Energy!V9 -> 1220.0482 | L140: =Energy!V10 -> 1364.9647 | M140: =Energy!V11 -> 9131.2973 | N140: =Energy!V14 -> 238.74711 | O140: =Energy!V15 -> 11955.057
B141: 2039 | C141: =Supply!W8 -> 2626.3731 | D141: =Supply!W9 -> 621.28415 | E141: =Supply!W29 -> 2945.3176 | F141: =Supply!W34 -> 347.63366 | J141: 2039 | K141: =Energy!W9 -> 1219.7737 | L141: =Energy!W10 -> 1351.0421 | M141: =Energy!W11 -> 9375.9276 | N141: =Energy!W14 -> 245.08173 | O141: =Energy!W15 -> 12191.825
B142: 2040 | C142: =Supply!X8 -> 2586.9775 | D142: =Supply!X9 -> 608.85847 | E142: =Supply!X29 -> 3035.7047 | F142: =Supply!X34 -> 359.11138 | J142: 2040 | K142: =Energy!X9 -> 1219.4993 | L142: =Energy!X10 -> 1337.2615 | M142: =Energy!X11 -> 9613.0648 | N142: =Energy!X14 -> 251.37796 | O142: =Energy!X15 -> 12421.203
B143: 2041 | C143: =Supply!Y8 -> 2548.1729 | D143: =Supply!Y9 -> 596.6813 | E143: =Supply!Y29 -> 3124.7272 | F143: =Supply!Y34 -> 370.69417 | J143: 2041 | K143: =Energy!Y9 -> 1219.2249 | L143: =Energy!Y10 -> 1323.6214 | M143: =Energy!Y11 -> 9842.8906 | N143: =Energy!Y14 -> 257.63245 | O143: =Energy!Y15 -> 12643.369
B144: 2042 | C144: =Supply!Z8 -> 2509.9503 | D144: =Supply!Z9 -> 584.74767 | E144: =Supply!Z29 -> 3212.4203 | F144: =Supply!Z34 -> 382.37956 | J144: 2042 | K144: =Energy!Z9 -> 1218.9506 | L144: =Energy!Z10 -> 1310.1205 | M144: =Energy!Z11 -> 10065.584 | N144: =Energy!Z14 -> 263.8419 | O144: =Energy!Z15 -> 12858.497
B145: 2043 | C145: =Supply!AA8 -> 2472.301 | D145: =Supply!AA9 -> 573.05272 | E145: =Supply!AA29 -> 3298.8193 | F145: =Supply!AA34 -> 394.1651 | J145: 2043 | K145: =Energy!AA9 -> 1218.6763 | L145: =Energy!AA10 -> 1296.7572 | M145: =Energy!AA11 -> 10281.32 | N145: =Energy!AA14 -> 270.00309 | O145: =Energy!AA15 -> 13066.757
B146: 2044 | C146: =Supply!AB8 -> 2435.2165 | D146: =Supply!AB9 -> 561.59167 | E146: =Supply!AB29 -> 3383.959 | F146: =Supply!AB34 -> 406.04836 | J146: 2044 | K146: =Energy!AB9 -> 1218.4021 | L146: =Energy!AB10 -> 1283.5303 | M146: =Energy!AB11 -> 10490.273 | N146: =Energy!AB14 -> 276.11289 | O146: =Energy!AB15 -> 13268.318
B147: 2045 | C147: =Supply!AC8 -> 2398.6882 | D147: =Supply!AC9 -> 550.35983 | E147: =Supply!AC29 -> 3467.8742 | F147: =Supply!AC34 -> 418.02695 | J147: 2045 | K147: =Energy!AC9 -> 1218.1279 | L147: =Energy!AC10 -> 1270.4383 | M147: =Energy!AC11 -> 10692.612 | N147: =Energy!AC14 -> 282.16819 | O147: =Energy!AC15 -> 13463.347
B148: 2046 | C148: =Supply!AD8 -> 2362.7079 | D148: =Supply!AD9 -> 539.35264 | E148: =Supply!AD29 -> 3550.5996 | F148: =Supply!AD34 -> 430.09849 | J148: 2046 | K148: =Energy!AD9 -> 1217.8539 | L148: =Energy!AD10 -> 1257.4798 | M148: =Energy!AD11 -> 10888.505 | N148: =Energy!AD14 -> 288.16599 | O148: =Energy!AD15 -> 13652.005
B149: 2047 | C149: =Supply!AE8 -> 2327.2673 | D149: =Supply!AE9 -> 528.56558 | E149: =Supply!AE29 -> 3632.1695 | F149: =Supply!AE34 -> 442.26064 | J149: 2047 | K149: =Energy!AE9 -> 1217.5799 | L149: =Energy!AE10 -> 1244.6535 | M149: =Energy!AE11 -> 11078.117 | N149: =Energy!AE14 -> 294.10332 | O149: =Energy!AE15 -> 13834.454
B150: 2048 | C150: =Supply!AF8 -> 2292.3583 | D150: =Supply!AF9 -> 517.99427 | E150: =Supply!AF29 -> 3712.6185 | F150: =Supply!AF34 -> 454.51108 | J150: 2048 | K150: =Energy!AF9 -> 1217.3059 | L150: =Energy!AF10 -> 1231.9581 | M150: =Energy!AF11 -> 11261.609 | N150: =Energy!AF14 -> 299.97731 | O150: =Energy!AF15 -> 14010.851
...
